url,label
https://microsoft.com/6030,0
https://microsoft.com/27254,0
https://stackoverflow.com/27818,0
https://amazon.com/8008,0
https://apple.com/26282,0
https://google.com/26311,0
https://microsoft.com/23404,0
https://google.com/814,0
https://microsoft.com/38053,0
https://wikipedia.org/6554,0
https://wikipedia.org/6620,0
https://facebook.com/6196,0
https://google.com/20440,0
https://apple.com/45319,0
https://wikipedia.org/46564,0
https://wikipedia.org/36054,0
https://microsoft.com/27417,0
https://microsoft.com/10894,0
https://github.com/18529,0
https://microsoft.com/33437,0
https://stackoverflow.com/1488,0
https://stackoverflow.com/33829,0
https://amazon.com/26254,0
https://wikipedia.org/26817,0
https://google.com/42287,0
https://google.com/15942,0
https://stackoverflow.com/27379,0
https://microsoft.com/1568,0
https://google.com/34665,0
https://github.com/45382,0
https://wikipedia.org/34312,0
https://stackoverflow.com/39515,0
https://amazon.com/23720,0
https://amazon.com/46554,0
https://google.com/27981,0
https://stackoverflow.com/12310,0
https://stackoverflow.com/29774,0
https://facebook.com/8985,0
https://apple.com/35605,0
https://stackoverflow.com/14297,0
https://apple.com/49957,0
https://microsoft.com/45259,0
https://amazon.com/44559,0
https://wikipedia.org/40307,0
https://apple.com/49836,0
https://stackoverflow.com/21990,0
https://microsoft.com/31758,0
https://apple.com/16278,0
https://stackoverflow.com/5600,0
https://github.com/513,0
https://facebook.com/12302,0
https://facebook.com/48263,0
https://microsoft.com/28846,0
https://microsoft.com/4046,0
https://google.com/33777,0
https://amazon.com/25123,0
https://google.com/35062,0
https://google.com/48267,0
https://amazon.com/16923,0
https://stackoverflow.com/2104,0
https://google.com/7123,0
https://microsoft.com/44882,0
https://wikipedia.org/11431,0
https://apple.com/16946,0
https://github.com/45711,0
https://facebook.com/49552,0
https://stackoverflow.com/37247,0
https://stackoverflow.com/37513,0
https://wikipedia.org/37035,0
https://facebook.com/39455,0
https://facebook.com/12081,0
https://facebook.com/3784,0
https://google.com/31149,0
https://amazon.com/21500,0
https://wikipedia.org/67,0
https://github.com/156,0
https://amazon.com/31492,0
https://apple.com/37199,0
https://amazon.com/41642,0
https://amazon.com/31343,0
https://amazon.com/29216,0
https://stackoverflow.com/21902,0
https://amazon.com/47141,0
https://stackoverflow.com/24410,0
https://apple.com/37788,0
https://stackoverflow.com/26301,0
https://stackoverflow.com/13724,0
https://stackoverflow.com/20746,0
https://google.com/19075,0
https://apple.com/29703,0
https://microsoft.com/12214,0
https://stackoverflow.com/38330,0
https://stackoverflow.com/2789,0
https://amazon.com/13418,0
https://facebook.com/46898,0
https://apple.com/8502,0
https://microsoft.com/7417,0
https://amazon.com/33294,0
https://apple.com/36135,0
https://apple.com/8888,0
https://wikipedia.org/4280,0
https://amazon.com/35260,0
https://github.com/22197,0
https://facebook.com/24806,0
https://stackoverflow.com/21267,0
https://amazon.com/13071,0
https://amazon.com/12864,0
https://wikipedia.org/6461,0
https://facebook.com/29272,0
https://microsoft.com/30311,0
https://stackoverflow.com/31283,0
https://facebook.com/46396,0
https://apple.com/34668,0
https://microsoft.com/5387,0
https://wikipedia.org/25050,0
https://apple.com/46006,0
https://amazon.com/12908,0
https://stackoverflow.com/38360,0
https://wikipedia.org/44013,0
https://google.com/30099,0
https://amazon.com/44914,0
https://google.com/24912,0
https://apple.com/38690,0
https://facebook.com/10659,0
https://facebook.com/38026,0
https://apple.com/734,0
https://wikipedia.org/17447,0
https://stackoverflow.com/23788,0
https://microsoft.com/31515,0
https://google.com/47764,0
https://wikipedia.org/14562,0
https://apple.com/8282,0
https://facebook.com/43275,0
https://amazon.com/41953,0
https://apple.com/20735,0
https://stackoverflow.com/23197,0
https://wikipedia.org/3547,0
https://github.com/24550,0
https://microsoft.com/26218,0
https://wikipedia.org/41667,0
https://stackoverflow.com/3749,0
https://facebook.com/30689,0
https://microsoft.com/38058,0
https://apple.com/33479,0
https://google.com/4261,0
https://amazon.com/34401,0
https://amazon.com/39651,0
https://apple.com/30149,0
https://google.com/10325,0
https://google.com/35245,0
https://apple.com/17573,0
https://facebook.com/569,0
https://microsoft.com/21666,0
https://github.com/27073,0
https://apple.com/33763,0
https://microsoft.com/47800,0
https://apple.com/16255,0
https://github.com/220,0
https://facebook.com/25502,0
https://facebook.com/43667,0
https://facebook.com/13768,0
https://amazon.com/22443,0
https://google.com/30219,0
https://microsoft.com/46841,0
https://github.com/37648,0
https://github.com/43862,0
https://facebook.com/13491,0
https://apple.com/26925,0
https://facebook.com/49331,0
https://github.com/38498,0
https://facebook.com/6773,0
https://stackoverflow.com/16396,0
https://microsoft.com/24004,0
https://google.com/33186,0
https://amazon.com/42261,0
https://wikipedia.org/48508,0
https://microsoft.com/13299,0
https://amazon.com/27783,0
https://wikipedia.org/10832,0
https://stackoverflow.com/28313,0
https://github.com/5881,0
https://apple.com/19564,0
https://stackoverflow.com/37318,0
https://stackoverflow.com/297,0
https://wikipedia.org/23061,0
https://apple.com/24091,0
https://wikipedia.org/34577,0
https://stackoverflow.com/16476,0
https://stackoverflow.com/3346,0
https://stackoverflow.com/49305,0
https://amazon.com/37972,0
https://facebook.com/11721,0
https://google.com/2246,0
https://github.com/4252,0
https://wikipedia.org/37571,0
https://amazon.com/27629,0
https://stackoverflow.com/9787,0
https://microsoft.com/3368,0
https://wikipedia.org/1144,0
https://google.com/37762,0
https://amazon.com/47743,0
https://apple.com/42525,0
https://github.com/25519,0
https://microsoft.com/31078,0
https://github.com/34490,0
https://facebook.com/32453,0
https://microsoft.com/17706,0
https://apple.com/729,0
https://github.com/17264,0
https://stackoverflow.com/32486,0
https://facebook.com/37259,0
https://apple.com/39270,0
https://wikipedia.org/28996,0
https://google.com/37274,0
https://google.com/26059,0
https://apple.com/32608,0
https://google.com/14518,0
https://microsoft.com/7711,0
https://amazon.com/39840,0
https://google.com/35967,0
https://facebook.com/17475,0
https://facebook.com/15602,0
https://facebook.com/43372,0
https://stackoverflow.com/12528,0
https://microsoft.com/18900,0
https://amazon.com/12248,0
https://amazon.com/8286,0
https://apple.com/41985,0
https://amazon.com/46580,0
https://amazon.com/44526,0
https://google.com/24939,0
https://amazon.com/3778,0
https://github.com/10509,0
https://github.com/21814,0
https://stackoverflow.com/9487,0
https://wikipedia.org/33318,0
https://facebook.com/29157,0
https://facebook.com/39236,0
https://microsoft.com/11251,0
https://microsoft.com/49779,0
https://google.com/46092,0
https://wikipedia.org/39471,0
https://facebook.com/23536,0
https://wikipedia.org/14277,0
https://amazon.com/47761,0
https://facebook.com/20795,0
https://facebook.com/19864,0
https://facebook.com/3160,0
https://amazon.com/3514,0
https://apple.com/21686,0
https://apple.com/29919,0
https://apple.com/35476,0
https://wikipedia.org/26601,0
https://wikipedia.org/28088,0
https://github.com/5149,0
https://facebook.com/6566,0
https://wikipedia.org/49577,0
https://google.com/27003,0
https://github.com/34755,0
https://github.com/36024,0
https://google.com/25081,0
https://stackoverflow.com/24907,0
https://wikipedia.org/36794,0
https://facebook.com/20623,0
https://amazon.com/13822,0
https://github.com/2120,0
https://microsoft.com/34328,0
https://wikipedia.org/45028,0
https://github.com/41578,0
https://github.com/1716,0
https://apple.com/26010,0
https://facebook.com/2930,0
https://microsoft.com/11660,0
https://microsoft.com/23530,0
https://stackoverflow.com/15141,0
https://github.com/41650,0
https://facebook.com/10105,0
https://microsoft.com/1998,0
https://amazon.com/21829,0
https://facebook.com/2994,0
https://facebook.com/8201,0
https://facebook.com/16335,0
https://github.com/21634,0
https://apple.com/15256,0
https://wikipedia.org/42645,0
https://wikipedia.org/44489,0
https://microsoft.com/39236,0
https://apple.com/11275,0
https://wikipedia.org/3770,0
https://apple.com/34145,0
https://wikipedia.org/16641,0
https://microsoft.com/11739,0
https://amazon.com/48060,0
https://google.com/43691,0
https://apple.com/36901,0
https://stackoverflow.com/4969,0
https://microsoft.com/28137,0
https://facebook.com/38951,0
https://wikipedia.org/37471,0
https://amazon.com/41025,0
https://github.com/48294,0
https://microsoft.com/48123,0
https://facebook.com/27785,0
https://github.com/35566,0
https://stackoverflow.com/25168,0
https://stackoverflow.com/13947,0
https://apple.com/26739,0
https://google.com/41120,0
https://stackoverflow.com/42627,0
https://github.com/31166,0
https://apple.com/43675,0
https://stackoverflow.com/7455,0
https://wikipedia.org/30643,0
https://microsoft.com/32960,0
https://google.com/14545,0
https://microsoft.com/35706,0
https://amazon.com/38154,0
https://facebook.com/37867,0
https://wikipedia.org/7957,0
https://github.com/3313,0
https://github.com/1744,0
https://amazon.com/22625,0
https://stackoverflow.com/32078,0
https://amazon.com/10262,0
https://google.com/13444,0
https://microsoft.com/10110,0
https://facebook.com/19197,0
https://google.com/48657,0
https://apple.com/32960,0
https://wikipedia.org/31056,0
https://facebook.com/42810,0
https://apple.com/18391,0
https://apple.com/24679,0
https://apple.com/28981,0
https://amazon.com/45508,0
https://microsoft.com/2784,0
https://facebook.com/21529,0
https://stackoverflow.com/29562,0
https://stackoverflow.com/22913,0
https://apple.com/42580,0
https://microsoft.com/43300,0
https://amazon.com/903,0
https://github.com/7130,0
https://github.com/8020,0
https://github.com/43161,0
https://google.com/1894,0
https://amazon.com/44241,0
https://stackoverflow.com/562,0
https://github.com/24081,0
https://amazon.com/18856,0
https://facebook.com/38235,0
https://microsoft.com/38388,0
https://google.com/46938,0
https://facebook.com/5030,0
https://apple.com/1018,0
https://amazon.com/42739,0
https://wikipedia.org/28863,0
https://facebook.com/11604,0
https://microsoft.com/37492,0
https://apple.com/530,0
https://apple.com/9166,0
https://stackoverflow.com/28787,0
https://amazon.com/33150,0
https://amazon.com/21886,0
https://microsoft.com/31025,0
https://google.com/5437,0
https://wikipedia.org/48737,0
https://facebook.com/48060,0
https://stackoverflow.com/1462,0
https://github.com/29186,0
https://facebook.com/25621,0
https://facebook.com/10522,0
https://google.com/35358,0
https://apple.com/12991,0
https://amazon.com/17214,0
https://github.com/13264,0
https://wikipedia.org/35065,0
https://stackoverflow.com/45738,0
https://stackoverflow.com/21651,0
https://stackoverflow.com/36642,0
https://facebook.com/26419,0
https://facebook.com/15850,0
https://microsoft.com/2390,0
https://amazon.com/24416,0
https://wikipedia.org/3967,0
https://facebook.com/42321,0
https://amazon.com/7454,0
https://facebook.com/33429,0
https://microsoft.com/48706,0
https://stackoverflow.com/43460,0
https://stackoverflow.com/1075,0
https://wikipedia.org/13022,0
https://github.com/1899,0
https://stackoverflow.com/47893,0
https://microsoft.com/23063,0
https://github.com/34761,0
https://facebook.com/12797,0
https://github.com/43106,0
https://github.com/22639,0
https://apple.com/21488,0
https://amazon.com/31331,0
https://github.com/527,0
https://stackoverflow.com/10820,0
https://amazon.com/11795,0
https://apple.com/45595,0
https://facebook.com/13643,0
https://amazon.com/14537,0
https://facebook.com/17959,0
https://facebook.com/26075,0
https://apple.com/5141,0
https://github.com/34382,0
https://microsoft.com/12166,0
https://facebook.com/34271,0
https://github.com/25635,0
https://github.com/26192,0
https://github.com/43159,0
https://google.com/43738,0
https://amazon.com/12389,0
https://facebook.com/4295,0
https://apple.com/9866,0
https://stackoverflow.com/49914,0
https://facebook.com/3786,0
https://stackoverflow.com/14093,0
https://stackoverflow.com/16753,0
https://microsoft.com/39925,0
https://amazon.com/11375,0
https://github.com/41275,0
https://amazon.com/48796,0
https://facebook.com/14194,0
https://facebook.com/33373,0
https://github.com/13754,0
https://amazon.com/46586,0
https://stackoverflow.com/15168,0
https://wikipedia.org/46926,0
https://apple.com/2040,0
https://stackoverflow.com/18027,0
https://google.com/18884,0
https://stackoverflow.com/44205,0
https://github.com/36476,0
https://google.com/21681,0
https://facebook.com/40276,0
https://stackoverflow.com/49532,0
https://google.com/35696,0
https://amazon.com/7029,0
https://apple.com/38508,0
https://apple.com/39247,0
https://amazon.com/323,0
https://wikipedia.org/4657,0
https://google.com/15151,0
https://microsoft.com/41944,0
https://apple.com/12717,0
https://amazon.com/25850,0
https://microsoft.com/37209,0
https://facebook.com/31025,0
https://wikipedia.org/22934,0
https://google.com/42993,0
https://apple.com/27898,0
https://microsoft.com/34705,0
https://amazon.com/14990,0
https://microsoft.com/5895,0
https://facebook.com/722,0
https://facebook.com/28716,0
https://microsoft.com/49725,0
https://github.com/47094,0
https://facebook.com/49060,0
https://stackoverflow.com/3928,0
https://apple.com/1134,0
https://google.com/40388,0
https://google.com/41467,0
https://wikipedia.org/13583,0
https://amazon.com/36439,0
https://microsoft.com/14687,0
https://wikipedia.org/37905,0
https://stackoverflow.com/15828,0
https://wikipedia.org/28118,0
https://github.com/12439,0
https://facebook.com/46864,0
https://google.com/24059,0
https://apple.com/20417,0
https://github.com/8501,0
https://wikipedia.org/24032,0
https://facebook.com/26414,0
https://wikipedia.org/25222,0
https://microsoft.com/45642,0
https://facebook.com/9567,0
https://google.com/19943,0
https://wikipedia.org/43427,0
https://amazon.com/49070,0
https://google.com/41191,0
https://amazon.com/33067,0
https://google.com/18051,0
https://stackoverflow.com/22436,0
https://amazon.com/15080,0
https://github.com/16683,0
https://facebook.com/33890,0
https://github.com/7193,0
https://github.com/16623,0
https://github.com/25811,0
https://google.com/6545,0
https://google.com/23521,0
https://microsoft.com/5215,0
https://github.com/16514,0
https://apple.com/33387,0
https://facebook.com/7808,0
https://facebook.com/40054,0
https://github.com/33978,0
https://microsoft.com/26283,0
https://github.com/23880,0
https://github.com/11447,0
https://github.com/48458,0
https://github.com/43558,0
https://apple.com/2353,0
https://amazon.com/35444,0
https://facebook.com/9315,0
https://github.com/13865,0
https://github.com/11149,0
https://amazon.com/10301,0
https://apple.com/11479,0
https://google.com/32826,0
https://github.com/26753,0
https://microsoft.com/4861,0
https://apple.com/27334,0
https://apple.com/8311,0
https://wikipedia.org/30775,0
https://amazon.com/24793,0
https://wikipedia.org/44492,0
https://stackoverflow.com/25172,0
https://github.com/19351,0
https://facebook.com/16099,0
https://wikipedia.org/751,0
https://amazon.com/1799,0
https://facebook.com/5278,0
https://facebook.com/34700,0
https://github.com/29503,0
https://microsoft.com/138,0
https://microsoft.com/4713,0
https://microsoft.com/35564,0
https://microsoft.com/43597,0
https://google.com/28164,0
https://wikipedia.org/4876,0
https://facebook.com/21601,0
https://wikipedia.org/36195,0
https://github.com/29621,0
https://wikipedia.org/39855,0
https://apple.com/48875,0
https://apple.com/17936,0
https://wikipedia.org/17239,0
https://facebook.com/44656,0
https://google.com/27712,0
https://apple.com/48166,0
https://microsoft.com/41096,0
https://facebook.com/22406,0
https://stackoverflow.com/26892,0
https://apple.com/15289,0
https://amazon.com/10967,0
https://microsoft.com/41970,0
https://wikipedia.org/15042,0
https://amazon.com/41145,0
https://stackoverflow.com/47137,0
https://microsoft.com/43925,0
https://apple.com/49715,0
https://microsoft.com/7125,0
https://wikipedia.org/30975,0
https://facebook.com/19689,0
https://github.com/11779,0
https://google.com/24949,0
https://stackoverflow.com/9740,0
https://facebook.com/3297,0
https://wikipedia.org/44918,0
https://facebook.com/48626,0
https://microsoft.com/32648,0
https://facebook.com/11344,0
https://stackoverflow.com/40054,0
https://stackoverflow.com/9725,0
https://stackoverflow.com/14126,0
https://stackoverflow.com/27421,0
https://apple.com/6017,0
https://wikipedia.org/43413,0
https://facebook.com/49972,0
https://apple.com/4946,0
https://google.com/37633,0
https://facebook.com/40122,0
https://facebook.com/30587,0
https://github.com/21488,0
https://google.com/30777,0
https://facebook.com/31954,0
https://github.com/25335,0
https://google.com/40059,0
https://google.com/41291,0
https://stackoverflow.com/21380,0
https://apple.com/42390,0
https://amazon.com/19747,0
https://github.com/35560,0
https://wikipedia.org/49697,0
https://facebook.com/17002,0
https://github.com/25001,0
https://facebook.com/48167,0
https://amazon.com/23704,0
https://github.com/46765,0
https://stackoverflow.com/5681,0
https://amazon.com/11994,0
https://google.com/27075,0
https://wikipedia.org/40656,0
https://amazon.com/6784,0
https://apple.com/31217,0
https://apple.com/20687,0
https://apple.com/16947,0
https://github.com/16828,0
https://apple.com/46624,0
https://microsoft.com/66,0
https://amazon.com/31920,0
https://microsoft.com/39688,0
https://wikipedia.org/33947,0
https://stackoverflow.com/24507,0
https://github.com/14782,0
https://apple.com/42096,0
https://wikipedia.org/31658,0
https://github.com/20347,0
https://amazon.com/31076,0
https://github.com/3230,0
https://google.com/27331,0
https://github.com/49323,0
https://microsoft.com/29860,0
https://google.com/19546,0
https://google.com/43481,0
https://stackoverflow.com/19935,0
https://wikipedia.org/10264,0
https://github.com/9597,0
https://github.com/41798,0
https://apple.com/31630,0
https://wikipedia.org/9313,0
https://wikipedia.org/43710,0
https://wikipedia.org/48673,0
https://google.com/14857,0
https://wikipedia.org/9851,0
https://apple.com/979,0
https://google.com/31947,0
https://microsoft.com/5918,0
https://amazon.com/9113,0
https://apple.com/37807,0
https://microsoft.com/49112,0
https://wikipedia.org/10654,0
https://google.com/23184,0
https://amazon.com/41194,0
https://stackoverflow.com/4120,0
https://amazon.com/34925,0
https://amazon.com/33683,0
https://wikipedia.org/12552,0
https://wikipedia.org/22419,0
https://stackoverflow.com/41660,0
https://microsoft.com/7765,0
https://github.com/27925,0
https://microsoft.com/15111,0
https://github.com/44936,0
https://microsoft.com/38304,0
https://stackoverflow.com/12086,0
https://github.com/11762,0
https://stackoverflow.com/37989,0
https://stackoverflow.com/11590,0
https://microsoft.com/28029,0
https://facebook.com/37569,0
https://stackoverflow.com/3386,0
https://amazon.com/49479,0
https://github.com/3525,0
https://stackoverflow.com/7801,0
https://google.com/25905,0
https://stackoverflow.com/42910,0
https://github.com/8058,0
https://google.com/7038,0
https://wikipedia.org/13677,0
https://google.com/37314,0
https://github.com/2065,0
https://github.com/19942,0
https://facebook.com/29445,0
https://github.com/43695,0
https://github.com/37897,0
https://github.com/25247,0
https://facebook.com/5762,0
https://amazon.com/12862,0
https://apple.com/19812,0
https://wikipedia.org/17421,0
https://facebook.com/41329,0
https://stackoverflow.com/12257,0
https://microsoft.com/41302,0
https://facebook.com/29349,0
https://stackoverflow.com/32350,0
https://microsoft.com/40768,0
https://github.com/36201,0
https://github.com/45360,0
https://github.com/1969,0
https://google.com/43221,0
https://google.com/11938,0
https://facebook.com/33844,0
https://amazon.com/47935,0
https://github.com/4585,0
https://facebook.com/45453,0
https://apple.com/4287,0
https://stackoverflow.com/11123,0
https://microsoft.com/14415,0
https://facebook.com/49647,0
https://wikipedia.org/29957,0
https://microsoft.com/1924,0
https://google.com/18444,0
https://apple.com/3232,0
https://microsoft.com/5480,0
https://google.com/10026,0
https://google.com/4991,0
https://apple.com/20886,0
https://apple.com/40558,0
https://stackoverflow.com/5229,0
https://amazon.com/46087,0
https://stackoverflow.com/23154,0
https://google.com/20994,0
https://microsoft.com/10039,0
https://stackoverflow.com/23822,0
https://facebook.com/13487,0
https://wikipedia.org/23572,0
https://wikipedia.org/45766,0
https://facebook.com/21429,0
https://stackoverflow.com/9502,0
https://github.com/23312,0
https://wikipedia.org/2396,0
https://amazon.com/43762,0
https://github.com/36555,0
https://amazon.com/49019,0
https://facebook.com/48025,0
https://stackoverflow.com/11996,0
https://facebook.com/21342,0
https://google.com/17375,0
https://facebook.com/4509,0
https://wikipedia.org/27770,0
https://google.com/47653,0
https://google.com/7354,0
https://facebook.com/21152,0
https://google.com/8467,0
https://github.com/43023,0
https://facebook.com/7616,0
https://wikipedia.org/48056,0
https://wikipedia.org/42232,0
https://amazon.com/28507,0
https://apple.com/47183,0
https://facebook.com/10136,0
https://google.com/667,0
https://wikipedia.org/20593,0
https://facebook.com/14217,0
https://amazon.com/10216,0
https://amazon.com/14746,0
https://amazon.com/25581,0
https://microsoft.com/12070,0
https://microsoft.com/6848,0
https://apple.com/11650,0
https://google.com/39270,0
https://microsoft.com/10223,0
https://github.com/30377,0
https://google.com/34717,0
https://microsoft.com/46954,0
https://stackoverflow.com/6529,0
https://stackoverflow.com/37448,0
https://amazon.com/26771,0
https://amazon.com/28739,0
https://microsoft.com/27634,0
https://stackoverflow.com/34252,0
https://stackoverflow.com/42002,0
https://microsoft.com/49359,0
https://microsoft.com/42779,0
https://apple.com/49812,0
https://microsoft.com/14396,0
https://apple.com/17010,0
https://wikipedia.org/18375,0
https://facebook.com/41960,0
https://stackoverflow.com/40636,0
https://facebook.com/17549,0
https://facebook.com/37293,0
https://amazon.com/1767,0
https://apple.com/257,0
https://stackoverflow.com/4080,0
https://apple.com/5807,0
https://stackoverflow.com/24769,0
https://amazon.com/12112,0
https://stackoverflow.com/10192,0
https://github.com/20919,0
https://github.com/27515,0
https://github.com/25269,0
https://stackoverflow.com/31910,0
https://stackoverflow.com/6955,0
https://stackoverflow.com/31321,0
https://amazon.com/30850,0
https://google.com/20537,0
https://facebook.com/34597,0
https://wikipedia.org/23621,0
https://wikipedia.org/38007,0
https://amazon.com/16058,0
https://microsoft.com/10800,0
https://amazon.com/46821,0
https://wikipedia.org/2283,0
https://google.com/23179,0
https://facebook.com/36771,0
https://amazon.com/29869,0
https://github.com/40185,0
https://facebook.com/36246,0
https://facebook.com/12697,0
https://facebook.com/6282,0
https://stackoverflow.com/16755,0
https://stackoverflow.com/31550,0
https://facebook.com/20878,0
https://microsoft.com/3043,0
https://stackoverflow.com/33855,0
https://github.com/49328,0
https://microsoft.com/135,0
https://facebook.com/30436,0
https://stackoverflow.com/15606,0
https://apple.com/16938,0
https://apple.com/19694,0
https://wikipedia.org/29186,0
https://facebook.com/13304,0
https://wikipedia.org/6379,0
https://microsoft.com/34731,0
https://facebook.com/38870,0
https://apple.com/47942,0
https://apple.com/13558,0
https://github.com/25397,0
https://facebook.com/5677,0
https://amazon.com/27718,0
https://facebook.com/41119,0
https://google.com/29928,0
https://amazon.com/33525,0
https://microsoft.com/4982,0
https://wikipedia.org/17043,0
https://apple.com/30602,0
https://google.com/37546,0
https://facebook.com/48442,0
https://facebook.com/16532,0
https://stackoverflow.com/39477,0
https://facebook.com/18787,0
https://apple.com/7607,0
https://wikipedia.org/31597,0
https://stackoverflow.com/28450,0
https://facebook.com/42518,0
https://microsoft.com/1996,0
https://github.com/2739,0
https://stackoverflow.com/3777,0
https://facebook.com/48099,0
https://stackoverflow.com/49163,0
https://stackoverflow.com/43397,0
https://microsoft.com/49318,0
https://amazon.com/28368,0
https://facebook.com/27934,0
https://github.com/32659,0
https://wikipedia.org/5841,0
https://amazon.com/3877,0
https://wikipedia.org/6232,0
https://stackoverflow.com/37228,0
https://stackoverflow.com/17275,0
https://wikipedia.org/40436,0
https://stackoverflow.com/2101,0
https://wikipedia.org/25428,0
https://facebook.com/2738,0
https://wikipedia.org/40550,0
https://stackoverflow.com/42236,0
https://google.com/30306,0
https://apple.com/21341,0
https://stackoverflow.com/37715,0
https://apple.com/1221,0
https://microsoft.com/48360,0
https://apple.com/15878,0
https://google.com/32981,0
https://microsoft.com/1330,0
https://facebook.com/34137,0
https://github.com/36630,0
https://stackoverflow.com/19402,0
https://github.com/5199,0
https://wikipedia.org/34595,0
https://stackoverflow.com/17190,0
https://amazon.com/13577,0
https://google.com/26488,0
https://google.com/6995,0
https://stackoverflow.com/19206,0
https://microsoft.com/7350,0
https://microsoft.com/7166,0
https://apple.com/39505,0
https://facebook.com/6811,0
https://github.com/37809,0
https://facebook.com/22540,0
https://microsoft.com/36804,0
https://stackoverflow.com/20121,0
https://microsoft.com/36781,0
https://github.com/20918,0
https://facebook.com/23393,0
https://facebook.com/2658,0
https://github.com/47614,0
https://github.com/13173,0
https://apple.com/7072,0
https://facebook.com/12211,0
https://wikipedia.org/29604,0
https://apple.com/45180,0
https://github.com/42139,0
https://amazon.com/25433,0
https://google.com/31815,0
https://amazon.com/48546,0
https://github.com/38027,0
https://github.com/21082,0
https://stackoverflow.com/170,0
https://google.com/29820,0
https://amazon.com/19024,0
https://apple.com/36882,0
https://github.com/12541,0
https://stackoverflow.com/12045,0
https://microsoft.com/5679,0
https://microsoft.com/21602,0
https://microsoft.com/1901,0
https://amazon.com/4127,0
https://microsoft.com/20547,0
https://stackoverflow.com/3610,0
https://google.com/27107,0
https://wikipedia.org/31810,0
https://github.com/8924,0
https://facebook.com/7029,0
https://amazon.com/21188,0
https://github.com/22403,0
https://wikipedia.org/46512,0
https://wikipedia.org/40596,0
https://apple.com/6218,0
https://apple.com/32144,0
https://microsoft.com/6230,0
https://github.com/49895,0
https://amazon.com/47606,0
https://stackoverflow.com/2855,0
https://wikipedia.org/45016,0
https://github.com/43359,0
https://google.com/21358,0
https://github.com/27962,0
https://google.com/13187,0
https://microsoft.com/32295,0
https://apple.com/15832,0
https://github.com/44868,0
https://facebook.com/9888,0
https://facebook.com/46922,0
https://google.com/3953,0
https://stackoverflow.com/31025,0
https://stackoverflow.com/32061,0
https://wikipedia.org/9731,0
https://github.com/19381,0
https://amazon.com/19053,0
https://microsoft.com/12378,0
https://wikipedia.org/46501,0
https://microsoft.com/36586,0
https://google.com/18795,0
https://wikipedia.org/4170,0
https://wikipedia.org/42684,0
https://wikipedia.org/32075,0
https://facebook.com/4182,0
https://stackoverflow.com/20631,0
https://microsoft.com/11003,0
https://wikipedia.org/49439,0
https://google.com/21381,0
https://github.com/21159,0
https://stackoverflow.com/6465,0
https://microsoft.com/12062,0
https://wikipedia.org/20562,0
https://apple.com/29675,0
https://stackoverflow.com/34949,0
https://stackoverflow.com/21423,0
https://facebook.com/3253,0
https://microsoft.com/32865,0
https://microsoft.com/46470,0
https://facebook.com/21641,0
https://apple.com/45762,0
https://microsoft.com/804,0
https://amazon.com/12350,0
https://google.com/4259,0
https://facebook.com/30740,0
https://apple.com/43943,0
https://amazon.com/8244,0
https://amazon.com/9677,0
https://stackoverflow.com/24065,0
https://wikipedia.org/40081,0
https://amazon.com/46303,0
https://github.com/45489,0
https://github.com/10425,0
https://google.com/18901,0
https://wikipedia.org/5890,0
https://google.com/35603,0
https://google.com/4749,0
https://wikipedia.org/26606,0
https://microsoft.com/28495,0
https://stackoverflow.com/31672,0
https://facebook.com/3962,0
https://facebook.com/16767,0
https://microsoft.com/46252,0
https://github.com/33804,0
https://amazon.com/43868,0
https://amazon.com/31450,0
https://apple.com/33184,0
https://github.com/3466,0
https://wikipedia.org/31154,0
https://apple.com/29521,0
https://facebook.com/16324,0
https://github.com/29020,0
https://amazon.com/23960,0
https://facebook.com/31243,0
https://apple.com/6890,0
https://github.com/36237,0
https://microsoft.com/32343,0
https://apple.com/26392,0
https://wikipedia.org/44619,0
https://google.com/13572,0
https://facebook.com/10169,0
https://google.com/495,0
https://facebook.com/24966,0
https://microsoft.com/41471,0
https://stackoverflow.com/13160,0
https://github.com/38447,0
https://stackoverflow.com/17005,0
https://stackoverflow.com/16233,0
https://apple.com/5113,0
https://google.com/28596,0
https://microsoft.com/24942,0
https://apple.com/29762,0
https://github.com/24958,0
https://facebook.com/20640,0
https://apple.com/13578,0
https://google.com/44393,0
https://facebook.com/33455,0
https://microsoft.com/17171,0
https://wikipedia.org/5791,0
https://facebook.com/38263,0
https://stackoverflow.com/48868,0
https://google.com/46619,0
https://apple.com/34682,0
https://microsoft.com/38886,0
https://google.com/16707,0
https://facebook.com/46937,0
https://amazon.com/46783,0
https://apple.com/16320,0
https://microsoft.com/5995,0
https://google.com/20407,0
https://apple.com/31119,0
https://apple.com/21093,0
https://microsoft.com/10780,0
https://wikipedia.org/7441,0
https://amazon.com/37913,0
https://google.com/34740,0
https://wikipedia.org/20451,0
https://google.com/15031,0
https://google.com/26129,0
https://microsoft.com/9076,0
https://apple.com/30631,0
https://github.com/48004,0
https://amazon.com/29447,0
https://facebook.com/25163,0
https://github.com/3466,0
https://wikipedia.org/44132,0
https://wikipedia.org/1405,0
https://facebook.com/8215,0
https://apple.com/10933,0
https://stackoverflow.com/17555,0
https://apple.com/39460,0
https://stackoverflow.com/6724,0
https://microsoft.com/21112,0
https://stackoverflow.com/25596,0
https://wikipedia.org/6530,0
https://microsoft.com/317,0
https://wikipedia.org/21617,0
https://apple.com/18547,0
https://google.com/26847,0
https://amazon.com/49716,0
https://github.com/36403,0
https://amazon.com/22052,0
https://microsoft.com/48212,0
https://wikipedia.org/40802,0
https://github.com/47019,0
https://google.com/34340,0
https://google.com/41276,0
https://wikipedia.org/28387,0
https://facebook.com/31556,0
https://wikipedia.org/29199,0
https://microsoft.com/26558,0
https://stackoverflow.com/48926,0
https://github.com/20256,0
https://github.com/25320,0
https://wikipedia.org/19808,0
https://apple.com/838,0
https://stackoverflow.com/47599,0
https://microsoft.com/25216,0
https://amazon.com/41019,0
https://stackoverflow.com/1729,0
https://github.com/17888,0
https://wikipedia.org/10,0
https://facebook.com/23599,0
https://facebook.com/26789,0
https://wikipedia.org/38366,0
https://apple.com/18666,0
https://apple.com/48751,0
https://amazon.com/46303,0
https://facebook.com/46985,0
https://apple.com/38727,0
https://microsoft.com/14225,0
https://wikipedia.org/49277,0
https://facebook.com/38994,0
https://stackoverflow.com/3100,0
https://stackoverflow.com/45561,0
https://google.com/30841,0
https://google.com/11552,0
https://google.com/13351,0
https://google.com/21119,0
https://facebook.com/7800,0
https://wikipedia.org/39564,0
https://apple.com/24641,0
https://wikipedia.org/6328,0
https://facebook.com/29508,0
https://facebook.com/28438,0
https://stackoverflow.com/33438,0
https://apple.com/33781,0
https://github.com/24418,0
https://facebook.com/14931,0
https://github.com/4547,0
https://apple.com/20392,0
https://microsoft.com/980,0
https://amazon.com/1346,0
https://microsoft.com/5753,0
https://microsoft.com/15994,0
https://facebook.com/28789,0
https://wikipedia.org/22330,0
https://google.com/43265,0
https://github.com/23690,0
https://amazon.com/32192,0
https://stackoverflow.com/37071,0
https://google.com/33002,0
https://facebook.com/25889,0
https://microsoft.com/38971,0
https://github.com/16571,0
https://amazon.com/15084,0
https://stackoverflow.com/19126,0
https://github.com/38921,0
https://github.com/12367,0
https://amazon.com/30005,0
https://google.com/46321,0
https://facebook.com/24840,0
https://facebook.com/47915,0
https://apple.com/19028,0
https://wikipedia.org/34781,0
https://google.com/17863,0
https://facebook.com/49257,0
https://wikipedia.org/30868,0
https://microsoft.com/31102,0
https://github.com/41514,0
https://google.com/22286,0
https://wikipedia.org/24980,0
https://microsoft.com/8010,0
https://google.com/6094,0
https://wikipedia.org/47642,0
https://apple.com/12963,0
https://apple.com/36333,0
https://microsoft.com/15808,0
https://facebook.com/5439,0
https://github.com/45161,0
https://github.com/33521,0
https://stackoverflow.com/31006,0
https://stackoverflow.com/37018,0
https://wikipedia.org/48376,0
https://stackoverflow.com/30549,0
https://apple.com/48814,0
https://apple.com/46447,0
https://facebook.com/28695,0
https://facebook.com/46727,0
https://microsoft.com/43703,0
https://amazon.com/38735,0
https://google.com/7539,0
https://apple.com/16945,0
https://amazon.com/10107,0
https://microsoft.com/44710,0
https://facebook.com/19936,0
https://amazon.com/41820,0
https://facebook.com/41444,0
https://google.com/7857,0
https://stackoverflow.com/23020,0
https://apple.com/1911,0
https://amazon.com/37251,0
https://facebook.com/9162,0
https://microsoft.com/33354,0
https://wikipedia.org/27247,0
https://github.com/46561,0
https://facebook.com/2260,0
https://apple.com/39820,0
https://apple.com/6871,0
https://google.com/8603,0
https://wikipedia.org/27900,0
https://apple.com/24742,0
https://google.com/34617,0
https://google.com/43398,0
https://facebook.com/34748,0
https://stackoverflow.com/30267,0
https://google.com/34732,0
https://github.com/38303,0
https://microsoft.com/38247,0
https://github.com/22908,0
https://stackoverflow.com/17069,0
https://stackoverflow.com/11362,0
https://facebook.com/19985,0
https://amazon.com/45797,0
https://microsoft.com/49900,0
https://stackoverflow.com/45610,0
https://wikipedia.org/11757,0
https://apple.com/19753,0
https://stackoverflow.com/27844,0
https://microsoft.com/42796,0
https://stackoverflow.com/32977,0
https://amazon.com/46150,0
https://facebook.com/10196,0
https://wikipedia.org/43809,0
https://facebook.com/10656,0
https://facebook.com/48414,0
https://microsoft.com/3692,0
https://facebook.com/36478,0
https://google.com/11398,0
https://apple.com/37192,0
https://facebook.com/46068,0
https://wikipedia.org/6542,0
https://microsoft.com/42636,0
https://wikipedia.org/29810,0
https://amazon.com/19926,0
https://stackoverflow.com/26343,0
https://apple.com/41598,0
https://wikipedia.org/40446,0
https://amazon.com/9513,0
https://stackoverflow.com/11412,0
https://microsoft.com/38677,0
https://amazon.com/29995,0
https://google.com/18195,0
https://amazon.com/23887,0
https://github.com/23030,0
https://facebook.com/32761,0
https://wikipedia.org/39736,0
https://github.com/17823,0
https://microsoft.com/22695,0
https://microsoft.com/24680,0
https://amazon.com/24194,0
https://apple.com/18451,0
https://google.com/11953,0
https://stackoverflow.com/24199,0
https://amazon.com/34209,0
https://apple.com/17426,0
https://github.com/12298,0
https://facebook.com/7163,0
https://stackoverflow.com/24829,0
https://google.com/21573,0
https://google.com/25035,0
https://facebook.com/9513,0
https://facebook.com/40154,0
https://stackoverflow.com/20293,0
https://microsoft.com/21432,0
https://amazon.com/32216,0
https://github.com/46244,0
https://wikipedia.org/44850,0
https://apple.com/20722,0
https://stackoverflow.com/45795,0
https://github.com/21151,0
https://facebook.com/3506,0
https://facebook.com/4265,0
https://apple.com/29233,0
https://wikipedia.org/43478,0
https://apple.com/34333,0
https://apple.com/805,0
https://wikipedia.org/11948,0
https://google.com/46886,0
https://wikipedia.org/20596,0
https://microsoft.com/10545,0
https://stackoverflow.com/45777,0
https://amazon.com/11014,0
https://facebook.com/19537,0
https://stackoverflow.com/34811,0
https://microsoft.com/24827,0
https://github.com/2212,0
https://stackoverflow.com/43249,0
https://amazon.com/21689,0
https://wikipedia.org/44323,0
https://google.com/15756,0
https://facebook.com/20116,0
https://github.com/20276,0
https://stackoverflow.com/17461,0
https://apple.com/25060,0
https://google.com/18851,0
https://wikipedia.org/34916,0
https://github.com/43609,0
https://wikipedia.org/48884,0
https://stackoverflow.com/30717,0
https://amazon.com/40819,0
https://google.com/41276,0
https://amazon.com/3159,0
https://amazon.com/8989,0
https://stackoverflow.com/19541,0
https://microsoft.com/47181,0
https://github.com/49321,0
https://stackoverflow.com/7765,0
https://wikipedia.org/39100,0
https://google.com/13950,0
https://github.com/31944,0
https://microsoft.com/23695,0
https://microsoft.com/6250,0
https://amazon.com/25824,0
https://apple.com/8874,0
https://amazon.com/8108,0
https://facebook.com/24891,0
https://google.com/45524,0
https://amazon.com/23186,0
https://github.com/7898,0
https://github.com/41317,0
https://wikipedia.org/37399,0
https://facebook.com/10110,0
https://amazon.com/41334,0
https://facebook.com/29061,0
https://facebook.com/9415,0
https://amazon.com/8128,0
https://facebook.com/45350,0
https://google.com/24273,0
https://google.com/11585,0
https://facebook.com/33968,0
https://apple.com/37204,0
https://stackoverflow.com/21266,0
https://amazon.com/13191,0
https://wikipedia.org/40257,0
https://github.com/9710,0
https://apple.com/43404,0
https://wikipedia.org/17379,0
https://microsoft.com/45036,0
https://github.com/33112,0
https://google.com/47997,0
https://apple.com/9959,0
https://stackoverflow.com/17296,0
https://github.com/26092,0
https://amazon.com/21682,0
https://wikipedia.org/27503,0
https://wikipedia.org/10664,0
https://wikipedia.org/16511,0
https://apple.com/15192,0
https://wikipedia.org/28997,0
https://facebook.com/76,0
https://microsoft.com/42523,0
https://apple.com/36941,0
https://facebook.com/7040,0
https://stackoverflow.com/42256,0
https://microsoft.com/41240,0
https://facebook.com/29633,0
https://github.com/29558,0
https://wikipedia.org/34100,0
https://microsoft.com/13350,0
https://facebook.com/17708,0
https://github.com/28204,0
https://github.com/5928,0
https://amazon.com/4093,0
https://amazon.com/14135,0
https://stackoverflow.com/5157,0
https://github.com/5086,0
https://stackoverflow.com/47526,0
https://stackoverflow.com/4901,0
https://github.com/39335,0
https://microsoft.com/47905,0
https://stackoverflow.com/21012,0
https://facebook.com/46380,0
https://google.com/42987,0
https://github.com/35233,0
https://apple.com/40669,0
https://amazon.com/18525,0
https://wikipedia.org/28658,0
https://stackoverflow.com/1743,0
https://facebook.com/10047,0
https://github.com/46554,0
https://google.com/30452,0
https://github.com/37340,0
https://google.com/11455,0
https://microsoft.com/33714,0
https://microsoft.com/17962,0
https://google.com/42100,0
https://microsoft.com/43152,0
https://stackoverflow.com/44579,0
https://stackoverflow.com/28003,0
https://wikipedia.org/422,0
https://github.com/26500,0
https://stackoverflow.com/25258,0
https://github.com/10340,0
https://microsoft.com/23249,0
https://stackoverflow.com/38915,0
https://apple.com/46376,0
https://wikipedia.org/16198,0
https://apple.com/35409,0
https://google.com/19833,0
https://github.com/26621,0
https://microsoft.com/43066,0
https://facebook.com/9949,0
https://stackoverflow.com/41703,0
https://google.com/49556,0
https://facebook.com/25157,0
https://google.com/17089,0
https://wikipedia.org/5417,0
https://stackoverflow.com/33422,0
https://stackoverflow.com/29243,0
https://facebook.com/7524,0
https://apple.com/26930,0
https://apple.com/29721,0
https://google.com/12694,0
https://google.com/20578,0
https://amazon.com/31070,0
https://apple.com/1900,0
https://facebook.com/2460,0
https://apple.com/627,0
https://github.com/15338,0
https://amazon.com/27018,0
https://wikipedia.org/3367,0
https://github.com/30430,0
https://microsoft.com/38439,0
https://github.com/1934,0
https://amazon.com/44143,0
https://wikipedia.org/37563,0
https://facebook.com/47374,0
https://microsoft.com/984,0
https://stackoverflow.com/20710,0
https://wikipedia.org/10936,0
https://amazon.com/14026,0
https://wikipedia.org/4051,0
https://apple.com/29925,0
https://amazon.com/23959,0
https://amazon.com/22481,0
https://facebook.com/4262,0
https://stackoverflow.com/32797,0
https://facebook.com/33969,0
https://microsoft.com/1166,0
https://microsoft.com/40704,0
https://wikipedia.org/1688,0
https://microsoft.com/25112,0
https://microsoft.com/2402,0
https://google.com/5031,0
https://microsoft.com/14959,0
https://google.com/34231,0
https://wikipedia.org/5656,0
https://github.com/24871,0
https://github.com/32429,0
https://facebook.com/36243,0
https://github.com/28523,0
https://google.com/8482,0
https://google.com/9780,0
https://facebook.com/26861,0
https://google.com/35413,0
https://facebook.com/614,0
https://amazon.com/49769,0
https://facebook.com/48103,0
https://stackoverflow.com/33487,0
https://microsoft.com/5751,0
https://github.com/8237,0
https://amazon.com/40343,0
https://amazon.com/32859,0
https://facebook.com/12362,0
https://apple.com/39291,0
https://google.com/28773,0
https://microsoft.com/16232,0
https://amazon.com/23282,0
https://github.com/41922,0
https://facebook.com/33425,0
https://amazon.com/15429,0
https://facebook.com/28209,0
https://microsoft.com/33928,0
https://stackoverflow.com/39543,0
https://amazon.com/17112,0
https://google.com/41086,0
https://stackoverflow.com/32998,0
https://github.com/43523,0
https://wikipedia.org/46465,0
https://microsoft.com/18872,0
https://google.com/49189,0
https://amazon.com/23978,0
https://facebook.com/17440,0
https://google.com/19943,0
https://wikipedia.org/19241,0
https://apple.com/46175,0
https://stackoverflow.com/14245,0
https://amazon.com/43596,0
https://wikipedia.org/14398,0
https://amazon.com/42329,0
https://amazon.com/16946,0
https://google.com/5863,0
https://google.com/20002,0
https://wikipedia.org/23276,0
https://facebook.com/12489,0
https://wikipedia.org/24149,0
https://github.com/14105,0
https://stackoverflow.com/33217,0
https://facebook.com/39016,0
https://wikipedia.org/1263,0
https://facebook.com/43400,0
https://wikipedia.org/12775,0
https://google.com/44761,0
https://amazon.com/43170,0
https://stackoverflow.com/36118,0
https://wikipedia.org/25512,0
https://microsoft.com/27333,0
https://amazon.com/2912,0
https://apple.com/30015,0
https://facebook.com/10953,0
https://amazon.com/18140,0
https://microsoft.com/30586,0
https://github.com/747,0
https://google.com/265,0
https://stackoverflow.com/4130,0
https://google.com/46070,0
https://facebook.com/2976,0
https://google.com/40443,0
https://stackoverflow.com/42446,0
https://wikipedia.org/9441,0
https://wikipedia.org/4407,0
https://google.com/48111,0
https://stackoverflow.com/12931,0
https://wikipedia.org/40656,0
https://stackoverflow.com/11893,0
https://stackoverflow.com/37587,0
https://amazon.com/19301,0
https://apple.com/2108,0
https://facebook.com/47759,0
https://amazon.com/42088,0
https://wikipedia.org/44589,0
https://stackoverflow.com/19192,0
https://apple.com/40493,0
https://amazon.com/15791,0
https://wikipedia.org/12921,0
https://google.com/43050,0
https://microsoft.com/24814,0
https://apple.com/45802,0
https://apple.com/2254,0
https://stackoverflow.com/48881,0
https://microsoft.com/36462,0
https://amazon.com/19021,0
https://github.com/12391,0
https://apple.com/20848,0
https://microsoft.com/4655,0
https://google.com/26051,0
https://wikipedia.org/49522,0
https://microsoft.com/31527,0
https://microsoft.com/45498,0
https://stackoverflow.com/17475,0
https://wikipedia.org/903,0
https://stackoverflow.com/18063,0
https://amazon.com/34673,0
https://microsoft.com/27454,0
https://google.com/6711,0
https://apple.com/3724,0
https://wikipedia.org/31540,0
https://microsoft.com/38722,0
https://wikipedia.org/18967,0
https://amazon.com/38921,0
https://stackoverflow.com/13653,0
https://wikipedia.org/13710,0
https://facebook.com/21547,0
https://google.com/40426,0
https://stackoverflow.com/42633,0
https://github.com/27718,0
https://stackoverflow.com/18379,0
https://amazon.com/18165,0
https://facebook.com/33958,0
https://microsoft.com/48728,0
https://stackoverflow.com/20686,0
https://microsoft.com/33098,0
https://microsoft.com/37445,0
https://github.com/9067,0
https://facebook.com/25713,0
https://microsoft.com/14475,0
https://amazon.com/43432,0
https://facebook.com/48308,0
https://stackoverflow.com/46534,0
https://facebook.com/36497,0
https://apple.com/24300,0
https://microsoft.com/4587,0
https://amazon.com/33953,0
https://wikipedia.org/22572,0
https://google.com/41937,0
https://microsoft.com/6841,0
https://microsoft.com/26710,0
https://google.com/16479,0
https://wikipedia.org/43504,0
https://github.com/44989,0
https://microsoft.com/37259,0
https://google.com/19688,0
https://stackoverflow.com/3747,0
https://github.com/10020,0
https://stackoverflow.com/37480,0
https://apple.com/22931,0
https://wikipedia.org/25131,0
https://google.com/12407,0
https://microsoft.com/33774,0
https://amazon.com/19711,0
https://stackoverflow.com/2056,0
https://stackoverflow.com/44960,0
https://google.com/24575,0
https://microsoft.com/23853,0
https://amazon.com/9719,0
https://github.com/40406,0
https://stackoverflow.com/38563,0
https://apple.com/32136,0
https://amazon.com/28129,0
https://stackoverflow.com/29157,0
https://github.com/34480,0
https://microsoft.com/47783,0
https://google.com/32873,0
https://facebook.com/21441,0
https://apple.com/47544,0
https://stackoverflow.com/27911,0
https://wikipedia.org/12329,0
https://google.com/5838,0
https://stackoverflow.com/14709,0
https://google.com/27147,0
https://google.com/30328,0
https://stackoverflow.com/30094,0
https://wikipedia.org/37422,0
https://apple.com/13319,0
https://google.com/42333,0
https://microsoft.com/36340,0
https://microsoft.com/33867,0
https://stackoverflow.com/3732,0
https://stackoverflow.com/10640,0
https://github.com/24207,0
https://facebook.com/3001,0
https://github.com/3406,0
https://apple.com/45650,0
https://apple.com/47560,0
https://microsoft.com/42991,0
https://google.com/45550,0
https://amazon.com/19463,0
https://stackoverflow.com/39402,0
https://microsoft.com/47017,0
https://apple.com/31944,0
https://github.com/25287,0
https://amazon.com/21755,0
https://github.com/6130,0
https://google.com/33607,0
https://google.com/42470,0
https://amazon.com/6207,0
https://stackoverflow.com/1340,0
https://wikipedia.org/25954,0
https://github.com/10879,0
https://github.com/12755,0
https://google.com/11756,0
https://amazon.com/16661,0
https://wikipedia.org/47200,0
https://stackoverflow.com/38846,0
https://facebook.com/20350,0
https://facebook.com/49705,0
https://amazon.com/38779,0
https://stackoverflow.com/832,0
https://wikipedia.org/40678,0
https://facebook.com/14814,0
https://apple.com/18583,0
https://google.com/17029,0
https://facebook.com/16473,0
https://stackoverflow.com/15411,0
https://github.com/8007,0
https://stackoverflow.com/9635,0
https://stackoverflow.com/4123,0
https://facebook.com/44510,0
https://apple.com/31393,0
https://wikipedia.org/43927,0
https://google.com/11507,0
https://wikipedia.org/40845,0
https://microsoft.com/26193,0
https://amazon.com/45566,0
https://google.com/14692,0
https://stackoverflow.com/22378,0
https://amazon.com/4219,0
https://wikipedia.org/13865,0
https://wikipedia.org/5084,0
https://apple.com/44960,0
https://facebook.com/20822,0
https://stackoverflow.com/23387,0
https://google.com/24944,0
https://facebook.com/6558,0
https://amazon.com/21865,0
https://amazon.com/44122,0
https://microsoft.com/20585,0
https://amazon.com/47773,0
https://stackoverflow.com/45638,0
https://amazon.com/40848,0
https://stackoverflow.com/29537,0
https://facebook.com/18784,0
https://amazon.com/19857,0
https://stackoverflow.com/39902,0
https://github.com/10400,0
https://amazon.com/19442,0
https://apple.com/5863,0
https://stackoverflow.com/7742,0
https://google.com/27061,0
https://stackoverflow.com/20975,0
https://apple.com/20441,0
https://stackoverflow.com/42849,0
https://microsoft.com/4392,0
https://amazon.com/19750,0
https://google.com/39479,0
https://facebook.com/3461,0
https://microsoft.com/45069,0
https://stackoverflow.com/22481,0
https://amazon.com/42392,0
https://amazon.com/33705,0
https://github.com/37400,0
https://stackoverflow.com/18618,0
https://github.com/25553,0
https://stackoverflow.com/40579,0
https://facebook.com/12691,0
https://github.com/37355,0
https://github.com/3950,0
https://github.com/15739,0
https://stackoverflow.com/6068,0
https://amazon.com/30689,0
https://microsoft.com/4975,0
https://google.com/47464,0
https://apple.com/40344,0
https://stackoverflow.com/10461,0
https://facebook.com/9517,0
https://apple.com/45874,0
https://stackoverflow.com/1818,0
https://facebook.com/29744,0
https://facebook.com/13313,0
https://stackoverflow.com/7995,0
https://microsoft.com/7875,0
https://microsoft.com/22230,0
https://google.com/40005,0
https://wikipedia.org/21476,0
https://stackoverflow.com/9633,0
https://google.com/23661,0
https://facebook.com/6844,0
https://amazon.com/3382,0
https://microsoft.com/48261,0
https://stackoverflow.com/27477,0
https://microsoft.com/31151,0
https://apple.com/7112,0
https://amazon.com/42841,0
https://apple.com/4236,0
https://google.com/48061,0
https://wikipedia.org/32527,0
https://wikipedia.org/40071,0
https://microsoft.com/7988,0
https://apple.com/7628,0
https://microsoft.com/35209,0
https://facebook.com/19259,0
https://github.com/41200,0
https://microsoft.com/21502,0
https://amazon.com/2674,0
https://google.com/7243,0
https://apple.com/46564,0
https://facebook.com/42496,0
https://microsoft.com/14300,0
https://google.com/31552,0
https://microsoft.com/18076,0
https://amazon.com/21492,0
https://apple.com/31711,0
https://apple.com/18554,0
https://wikipedia.org/37443,0
https://google.com/27669,0
https://microsoft.com/35418,0
https://facebook.com/20560,0
https://wikipedia.org/38570,0
https://google.com/27728,0
https://wikipedia.org/36893,0
https://facebook.com/39520,0
https://amazon.com/3331,0
https://google.com/40708,0
https://wikipedia.org/25978,0
https://facebook.com/32288,0
https://facebook.com/10720,0
https://stackoverflow.com/924,0
https://microsoft.com/41801,0
https://stackoverflow.com/6965,0
https://amazon.com/31222,0
https://google.com/15500,0
https://microsoft.com/48841,0
https://facebook.com/29195,0
https://apple.com/35474,0
https://github.com/40946,0
https://amazon.com/24012,0
https://github.com/4733,0
https://google.com/9380,0
https://github.com/44925,0
https://github.com/20728,0
https://microsoft.com/48532,0
https://github.com/2301,0
https://apple.com/39678,0
https://facebook.com/49806,0
https://github.com/49072,0
https://apple.com/25401,0
https://apple.com/31942,0
https://apple.com/30113,0
https://stackoverflow.com/20607,0
https://wikipedia.org/25520,0
https://facebook.com/26703,0
https://google.com/320,0
https://apple.com/31628,0
https://amazon.com/22789,0
https://github.com/6050,0
https://wikipedia.org/1944,0
https://microsoft.com/5691,0
https://github.com/11406,0
https://stackoverflow.com/7382,0
https://google.com/14902,0
https://stackoverflow.com/12276,0
https://wikipedia.org/5766,0
https://facebook.com/18430,0
https://google.com/49966,0
https://wikipedia.org/1661,0
https://github.com/49601,0
https://stackoverflow.com/10667,0
https://apple.com/17638,0
https://google.com/17929,0
https://apple.com/42151,0
https://apple.com/45483,0
https://github.com/17299,0
https://microsoft.com/7131,0
https://apple.com/22614,0
https://stackoverflow.com/857,0
https://apple.com/17294,0
https://wikipedia.org/9297,0
https://google.com/47051,0
https://facebook.com/44054,0
https://stackoverflow.com/26469,0
https://microsoft.com/48736,0
https://stackoverflow.com/12281,0
https://github.com/24976,0
https://github.com/9465,0
https://amazon.com/38537,0
https://microsoft.com/39704,0
https://microsoft.com/3582,0
https://wikipedia.org/14689,0
https://microsoft.com/7947,0
https://facebook.com/12176,0
https://wikipedia.org/34860,0
https://apple.com/21124,0
https://apple.com/13025,0
https://google.com/45156,0
https://github.com/44148,0
https://microsoft.com/1886,0
https://wikipedia.org/23728,0
https://microsoft.com/17098,0
https://amazon.com/37691,0
https://google.com/42615,0
https://microsoft.com/32491,0
https://google.com/3170,0
https://stackoverflow.com/12755,0
https://facebook.com/600,0
https://amazon.com/40117,0
https://microsoft.com/32075,0
https://google.com/2947,0
https://stackoverflow.com/30454,0
https://microsoft.com/11356,0
https://stackoverflow.com/34422,0
https://microsoft.com/19472,0
https://facebook.com/43540,0
https://facebook.com/24658,0
https://facebook.com/35027,0
https://google.com/43675,0
https://github.com/43142,0
https://github.com/42443,0
https://amazon.com/41506,0
https://apple.com/1882,0
https://microsoft.com/23270,0
https://amazon.com/4404,0
https://wikipedia.org/26070,0
https://amazon.com/34042,0
https://google.com/40622,0
https://amazon.com/36247,0
https://wikipedia.org/8807,0
https://stackoverflow.com/34220,0
https://wikipedia.org/8556,0
https://amazon.com/11253,0
https://apple.com/12813,0
https://apple.com/3082,0
https://microsoft.com/4236,0
https://amazon.com/8546,0
https://amazon.com/27868,0
https://wikipedia.org/49746,0
https://apple.com/572,0
https://amazon.com/501,0
https://microsoft.com/48045,0
https://stackoverflow.com/39584,0
https://amazon.com/48666,0
https://github.com/38755,0
https://wikipedia.org/44176,0
https://amazon.com/8255,0
https://facebook.com/1716,0
https://wikipedia.org/21964,0
https://wikipedia.org/13862,0
https://amazon.com/24301,0
https://stackoverflow.com/13994,0
https://facebook.com/4252,0
https://stackoverflow.com/44742,0
https://google.com/20086,0
https://apple.com/34600,0
https://facebook.com/36350,0
https://apple.com/19056,0
https://stackoverflow.com/6029,0
https://stackoverflow.com/45214,0
https://facebook.com/42891,0
https://wikipedia.org/28709,0
https://google.com/1609,0
https://github.com/21848,0
https://apple.com/10171,0
https://wikipedia.org/17618,0
https://microsoft.com/20954,0
https://amazon.com/48858,0
https://apple.com/37868,0
https://github.com/29296,0
https://github.com/21172,0
https://stackoverflow.com/14134,0
https://microsoft.com/38335,0
https://apple.com/4695,0
https://facebook.com/18933,0
https://apple.com/19506,0
https://facebook.com/34294,0
https://amazon.com/10187,0
https://stackoverflow.com/29534,0
https://facebook.com/35330,0
https://stackoverflow.com/2716,0
https://microsoft.com/18719,0
https://github.com/19554,0
https://stackoverflow.com/14590,0
https://microsoft.com/29776,0
https://apple.com/4937,0
https://google.com/20844,0
https://github.com/9286,0
https://microsoft.com/9098,0
https://stackoverflow.com/8038,0
https://github.com/14373,0
https://facebook.com/18887,0
https://facebook.com/14595,0
https://google.com/44592,0
https://microsoft.com/25939,0
https://microsoft.com/39179,0
https://apple.com/29667,0
https://github.com/2336,0
https://facebook.com/22583,0
https://wikipedia.org/29294,0
https://microsoft.com/6081,0
https://github.com/16712,0
https://amazon.com/46315,0
https://facebook.com/35931,0
https://stackoverflow.com/4998,0
https://github.com/30132,0
https://stackoverflow.com/35558,0
https://amazon.com/8294,0
https://microsoft.com/21683,0
https://github.com/32034,0
https://github.com/8595,0
https://amazon.com/30170,0
https://apple.com/19133,0
https://microsoft.com/49663,0
https://facebook.com/25660,0
https://microsoft.com/6871,0
https://github.com/35811,0
https://amazon.com/36288,0
https://wikipedia.org/31356,0
https://microsoft.com/12253,0
https://google.com/25895,0
https://apple.com/37818,0
https://wikipedia.org/31132,0
https://github.com/27256,0
https://microsoft.com/27592,0
https://google.com/25097,0
https://apple.com/2766,0
https://amazon.com/36180,0
https://stackoverflow.com/15041,0
https://wikipedia.org/10501,0
https://apple.com/14844,0
https://apple.com/39352,0
https://google.com/34616,0
https://amazon.com/4021,0
https://google.com/13993,0
https://facebook.com/18575,0
https://stackoverflow.com/12785,0
https://apple.com/3543,0
https://apple.com/32330,0
https://facebook.com/20914,0
https://facebook.com/8070,0
https://facebook.com/7807,0
https://facebook.com/5216,0
https://google.com/42971,0
https://apple.com/26807,0
https://stackoverflow.com/10292,0
https://amazon.com/21474,0
https://microsoft.com/49257,0
https://apple.com/27483,0
https://google.com/41385,0
https://stackoverflow.com/44931,0
https://amazon.com/42319,0
https://microsoft.com/3709,0
https://facebook.com/11494,0
https://github.com/44131,0
https://apple.com/34882,0
https://amazon.com/43949,0
https://wikipedia.org/46661,0
https://wikipedia.org/45541,0
https://microsoft.com/14514,0
https://github.com/34044,0
https://facebook.com/26961,0
https://apple.com/21294,0
https://amazon.com/42882,0
https://stackoverflow.com/21190,0
https://stackoverflow.com/9646,0
https://apple.com/28724,0
https://amazon.com/48499,0
https://wikipedia.org/12829,0
https://apple.com/49585,0
https://microsoft.com/5201,0
https://microsoft.com/43429,0
https://google.com/28382,0
https://wikipedia.org/15442,0
https://amazon.com/42664,0
https://amazon.com/28111,0
https://wikipedia.org/18877,0
https://apple.com/19134,0
https://stackoverflow.com/12553,0
https://apple.com/31189,0
https://facebook.com/45761,0
https://facebook.com/34551,0
https://apple.com/24550,0
https://apple.com/1567,0
https://wikipedia.org/954,0
https://github.com/33786,0
https://apple.com/27962,0
https://amazon.com/32655,0
https://facebook.com/45,0
https://github.com/10523,0
https://apple.com/42668,0
https://facebook.com/44620,0
https://wikipedia.org/42542,0
https://github.com/24869,0
https://facebook.com/20545,0
https://wikipedia.org/33459,0
https://google.com/15070,0
https://github.com/10708,0
https://wikipedia.org/24272,0
https://apple.com/47429,0
https://amazon.com/44440,0
https://facebook.com/20547,0
https://stackoverflow.com/16328,0
https://apple.com/43442,0
https://wikipedia.org/24429,0
https://microsoft.com/12463,0
https://amazon.com/22347,0
https://github.com/39102,0
https://stackoverflow.com/23582,0
https://google.com/1219,0
https://apple.com/37847,0
https://wikipedia.org/22474,0
https://microsoft.com/32106,0
https://amazon.com/127,0
https://amazon.com/12989,0
https://stackoverflow.com/30295,0
https://facebook.com/15374,0
https://amazon.com/46296,0
https://microsoft.com/44195,0
https://microsoft.com/42938,0
https://microsoft.com/12269,0
https://wikipedia.org/2043,0
https://wikipedia.org/7790,0
https://microsoft.com/47117,0
https://facebook.com/41919,0
https://apple.com/10449,0
https://apple.com/37800,0
https://facebook.com/40505,0
https://amazon.com/48481,0
https://wikipedia.org/25657,0
https://stackoverflow.com/33283,0
https://wikipedia.org/47022,0
https://google.com/20503,0
https://amazon.com/25736,0
https://microsoft.com/49104,0
https://facebook.com/15536,0
https://google.com/16635,0
https://amazon.com/41966,0
https://github.com/26416,0
https://microsoft.com/10368,0
https://google.com/19615,0
https://github.com/49991,0
https://stackoverflow.com/48474,0
https://apple.com/12071,0
https://stackoverflow.com/48771,0
https://wikipedia.org/41519,0
https://wikipedia.org/36853,0
https://apple.com/5596,0
https://wikipedia.org/44942,0
https://google.com/17301,0
https://amazon.com/4767,0
https://amazon.com/29124,0
https://github.com/34677,0
https://apple.com/25703,0
https://wikipedia.org/31790,0
https://stackoverflow.com/19758,0
https://amazon.com/15675,0
https://github.com/1634,0
https://stackoverflow.com/43893,0
https://facebook.com/4461,0
https://github.com/13004,0
https://microsoft.com/46876,0
https://apple.com/46107,0
https://github.com/20692,0
https://microsoft.com/39137,0
https://wikipedia.org/6833,0
https://wikipedia.org/689,0
https://facebook.com/31668,0
https://amazon.com/25909,0
https://facebook.com/5440,0
https://microsoft.com/45539,0
https://google.com/17856,0
https://github.com/37537,0
https://wikipedia.org/46447,0
https://apple.com/33372,0
https://amazon.com/997,0
https://amazon.com/3566,0
https://amazon.com/18652,0
https://google.com/25254,0
https://facebook.com/44976,0
https://microsoft.com/12457,0
https://wikipedia.org/20581,0
https://facebook.com/8096,0
https://apple.com/26689,0
https://google.com/42056,0
https://apple.com/44657,0
https://wikipedia.org/4722,0
https://microsoft.com/15734,0
https://amazon.com/42627,0
https://wikipedia.org/3688,0
https://microsoft.com/24019,0
https://github.com/4571,0
https://amazon.com/35065,0
https://github.com/6589,0
https://wikipedia.org/22739,0
https://facebook.com/15499,0
https://amazon.com/8060,0
https://microsoft.com/16484,0
https://stackoverflow.com/26841,0
https://stackoverflow.com/27630,0
https://wikipedia.org/32949,0
https://apple.com/39151,0
https://wikipedia.org/16989,0
https://microsoft.com/36764,0
https://amazon.com/6777,0
https://wikipedia.org/6754,0
https://google.com/25850,0
https://google.com/47308,0
https://amazon.com/16717,0
https://google.com/48321,0
https://microsoft.com/34234,0
https://google.com/22883,0
https://microsoft.com/6269,0
https://microsoft.com/14636,0
https://apple.com/42857,0
https://stackoverflow.com/8835,0
https://facebook.com/32244,0
https://google.com/46416,0
https://stackoverflow.com/24515,0
https://google.com/9807,0
https://apple.com/6739,0
https://apple.com/7108,0
https://github.com/46367,0
https://wikipedia.org/36348,0
https://stackoverflow.com/48911,0
https://stackoverflow.com/10672,0
https://amazon.com/1853,0
https://github.com/34495,0
https://apple.com/11782,0
https://wikipedia.org/41979,0
https://wikipedia.org/353,0
https://stackoverflow.com/22346,0
https://amazon.com/683,0
https://wikipedia.org/45888,0
https://microsoft.com/5255,0
https://amazon.com/18022,0
https://google.com/42657,0
https://stackoverflow.com/8212,0
https://microsoft.com/6772,0
https://microsoft.com/14288,0
https://microsoft.com/22943,0
https://amazon.com/15769,0
https://github.com/27517,0
https://amazon.com/2377,0
https://wikipedia.org/30548,0
https://wikipedia.org/29597,0
https://microsoft.com/38705,0
https://apple.com/593,0
https://microsoft.com/33921,0
https://microsoft.com/17535,0
https://github.com/2684,0
https://google.com/35188,0
https://microsoft.com/34584,0
https://facebook.com/26904,0
https://stackoverflow.com/42174,0
https://stackoverflow.com/5479,0
https://stackoverflow.com/27714,0
https://stackoverflow.com/8735,0
https://facebook.com/34501,0
https://apple.com/8743,0
https://google.com/29276,0
https://google.com/7783,0
https://facebook.com/11609,0
https://apple.com/9997,0
https://amazon.com/36909,0
https://github.com/17021,0
https://wikipedia.org/10743,0
https://github.com/34238,0
https://wikipedia.org/2351,0
https://stackoverflow.com/26871,0
https://facebook.com/36924,0
https://facebook.com/16774,0
https://google.com/45905,0
https://amazon.com/33302,0
https://facebook.com/17661,0
https://wikipedia.org/22381,0
https://microsoft.com/5455,0
https://github.com/29783,0
https://apple.com/577,0
https://stackoverflow.com/16193,0
https://google.com/23941,0
https://wikipedia.org/33008,0
https://microsoft.com/43335,0
https://github.com/37448,0
https://google.com/46889,0
https://amazon.com/22909,0
https://microsoft.com/14686,0
https://amazon.com/1890,0
https://facebook.com/47554,0
https://amazon.com/48595,0
https://microsoft.com/32297,0
https://facebook.com/32553,0
https://microsoft.com/4104,0
https://apple.com/16912,0
https://amazon.com/46023,0
https://github.com/4503,0
https://facebook.com/31862,0
https://stackoverflow.com/10510,0
https://apple.com/6351,0
https://facebook.com/37687,0
https://apple.com/27865,0
https://google.com/11337,0
https://apple.com/4884,0
https://amazon.com/25547,0
https://github.com/24525,0
https://facebook.com/46303,0
https://wikipedia.org/3767,0
https://apple.com/22716,0
https://google.com/27205,0
https://wikipedia.org/3077,0
https://wikipedia.org/8379,0
https://google.com/44559,0
https://stackoverflow.com/35273,0
https://google.com/22618,0
https://microsoft.com/17362,0
https://microsoft.com/46847,0
https://wikipedia.org/14547,0
https://github.com/24268,0
https://wikipedia.org/19337,0
https://facebook.com/15137,0
https://stackoverflow.com/4248,0
https://amazon.com/4154,0
https://facebook.com/17540,0
https://microsoft.com/22519,0
https://github.com/14148,0
https://wikipedia.org/49402,0
https://wikipedia.org/18196,0
https://amazon.com/36228,0
https://apple.com/21147,0
https://amazon.com/43331,0
https://apple.com/1130,0
https://apple.com/23431,0
https://google.com/17446,0
https://google.com/13605,0
https://apple.com/5255,0
https://wikipedia.org/43583,0
https://amazon.com/5117,0
https://amazon.com/48247,0
https://microsoft.com/43016,0
https://wikipedia.org/3375,0
https://amazon.com/30646,0
https://wikipedia.org/12492,0
https://github.com/46991,0
https://stackoverflow.com/43020,0
https://amazon.com/24435,0
https://wikipedia.org/49041,0
https://stackoverflow.com/807,0
https://apple.com/7791,0
https://amazon.com/20153,0
https://amazon.com/25633,0
https://apple.com/39668,0
https://amazon.com/35584,0
https://facebook.com/49377,0
https://github.com/47850,0
https://wikipedia.org/12318,0
https://amazon.com/25506,0
https://wikipedia.org/1586,0
https://amazon.com/48438,0
https://facebook.com/13285,0
https://stackoverflow.com/7950,0
https://stackoverflow.com/32384,0
https://stackoverflow.com/11670,0
https://apple.com/46363,0
https://amazon.com/43127,0
https://facebook.com/38319,0
https://google.com/44929,0
https://microsoft.com/41192,0
https://stackoverflow.com/7324,0
https://facebook.com/24269,0
https://apple.com/7392,0
https://google.com/26232,0
https://wikipedia.org/39308,0
https://microsoft.com/12085,0
https://facebook.com/40391,0
https://google.com/1483,0
https://github.com/49780,0
https://amazon.com/22570,0
https://google.com/18473,0
https://microsoft.com/3460,0
https://stackoverflow.com/38757,0
https://github.com/39867,0
https://apple.com/26464,0
https://google.com/47471,0
https://amazon.com/7062,0
https://facebook.com/28279,0
https://amazon.com/48084,0
https://stackoverflow.com/18895,0
https://apple.com/30596,0
https://github.com/17668,0
https://stackoverflow.com/20212,0
https://microsoft.com/31419,0
https://stackoverflow.com/30339,0
https://github.com/21367,0
https://github.com/3610,0
https://facebook.com/14607,0
https://github.com/11016,0
https://amazon.com/48248,0
https://google.com/38911,0
https://apple.com/47136,0
https://stackoverflow.com/32661,0
https://stackoverflow.com/9804,0
https://wikipedia.org/17279,0
https://amazon.com/49606,0
https://apple.com/16952,0
https://apple.com/13301,0
https://stackoverflow.com/9376,0
https://google.com/48748,0
https://microsoft.com/31310,0
https://amazon.com/37116,0
https://wikipedia.org/1649,0
https://facebook.com/1262,0
https://github.com/23817,0
https://google.com/22098,0
https://amazon.com/4338,0
https://apple.com/7645,0
https://github.com/24281,0
https://github.com/1712,0
https://google.com/7736,0
https://amazon.com/3874,0
https://stackoverflow.com/4771,0
https://github.com/6754,0
https://facebook.com/11714,0
https://amazon.com/1812,0
https://github.com/20340,0
https://wikipedia.org/47677,0
https://github.com/3471,0
https://facebook.com/24856,0
https://microsoft.com/34395,0
https://google.com/212,0
https://stackoverflow.com/45318,0
https://wikipedia.org/5780,0
https://github.com/17036,0
https://microsoft.com/36495,0
https://wikipedia.org/32687,0
https://facebook.com/35865,0
https://microsoft.com/16665,0
https://github.com/32264,0
https://facebook.com/35020,0
https://wikipedia.org/42280,0
https://github.com/11224,0
https://apple.com/14251,0
https://microsoft.com/21269,0
https://stackoverflow.com/4095,0
https://amazon.com/4734,0
https://wikipedia.org/17718,0
https://stackoverflow.com/17419,0
https://amazon.com/18705,0
https://stackoverflow.com/12312,0
https://wikipedia.org/20448,0
https://stackoverflow.com/34570,0
https://google.com/49511,0
https://wikipedia.org/47422,0
https://amazon.com/11219,0
https://amazon.com/13782,0
https://apple.com/36464,0
https://facebook.com/42889,0
https://amazon.com/10300,0
https://apple.com/978,0
https://amazon.com/24901,0
https://amazon.com/35294,0
https://microsoft.com/5543,0
https://facebook.com/739,0
https://github.com/43993,0
https://google.com/24139,0
https://amazon.com/36481,0
https://microsoft.com/9367,0
https://google.com/5523,0
https://microsoft.com/19241,0
https://google.com/19337,0
https://github.com/33990,0
https://microsoft.com/13018,0
https://amazon.com/12544,0
https://wikipedia.org/22566,0
https://stackoverflow.com/23322,0
https://facebook.com/19419,0
https://stackoverflow.com/8421,0
https://microsoft.com/34117,0
https://google.com/42803,0
https://stackoverflow.com/32752,0
https://google.com/10658,0
https://microsoft.com/35278,0
https://facebook.com/42276,0
https://amazon.com/45976,0
https://microsoft.com/10743,0
https://github.com/15942,0
https://apple.com/41606,0
https://wikipedia.org/20071,0
https://google.com/47620,0
https://microsoft.com/27718,0
https://apple.com/22273,0
https://facebook.com/2280,0
https://apple.com/16393,0
https://github.com/1194,0
https://wikipedia.org/7515,0
https://github.com/46585,0
https://github.com/41894,0
https://wikipedia.org/35196,0
https://wikipedia.org/44277,0
https://facebook.com/44734,0
https://apple.com/31735,0
https://google.com/16769,0
https://apple.com/8236,0
https://github.com/8139,0
https://github.com/49506,0
https://google.com/6154,0
https://wikipedia.org/1211,0
https://amazon.com/4301,0
https://wikipedia.org/717,0
https://amazon.com/42563,0
https://wikipedia.org/18202,0
https://microsoft.com/34325,0
https://google.com/39876,0
https://github.com/2156,0
https://amazon.com/32211,0
https://microsoft.com/32561,0
https://github.com/49514,0
https://wikipedia.org/4862,0
https://stackoverflow.com/29100,0
https://facebook.com/40357,0
https://amazon.com/6338,0
https://amazon.com/20447,0
https://github.com/43235,0
https://apple.com/9330,0
https://google.com/6477,0
https://amazon.com/34017,0
https://amazon.com/49415,0
https://amazon.com/44814,0
https://amazon.com/19348,0
https://github.com/35176,0
https://github.com/49334,0
https://amazon.com/12107,0
https://amazon.com/9064,0
https://facebook.com/19888,0
https://amazon.com/330,0
https://microsoft.com/27102,0
https://amazon.com/24778,0
https://microsoft.com/664,0
https://microsoft.com/48048,0
https://apple.com/37616,0
https://google.com/24647,0
https://facebook.com/43103,0
https://apple.com/35556,0
https://amazon.com/48487,0
https://facebook.com/5917,0
https://apple.com/49000,0
https://microsoft.com/21592,0
https://microsoft.com/23500,0
https://stackoverflow.com/41631,0
https://google.com/27686,0
https://apple.com/35543,0
https://amazon.com/5892,0
https://google.com/9236,0
https://microsoft.com/46506,0
https://microsoft.com/47877,0
https://amazon.com/23988,0
https://github.com/7249,0
https://amazon.com/14118,0
https://amazon.com/38231,0
https://google.com/689,0
https://wikipedia.org/27561,0
https://apple.com/39738,0
https://wikipedia.org/35652,0
https://wikipedia.org/35419,0
https://wikipedia.org/34057,0
https://amazon.com/47617,0
https://microsoft.com/36571,0
https://wikipedia.org/1248,0
https://amazon.com/23753,0
https://stackoverflow.com/9624,0
https://stackoverflow.com/33898,0
https://facebook.com/25113,0
https://apple.com/8297,0
https://apple.com/30815,0
https://stackoverflow.com/23480,0
https://github.com/35573,0
https://amazon.com/12036,0
https://amazon.com/12507,0
https://facebook.com/25940,0
https://microsoft.com/44750,0
https://microsoft.com/45815,0
https://stackoverflow.com/42866,0
https://amazon.com/28119,0
https://apple.com/30294,0
https://github.com/31392,0
https://microsoft.com/4004,0
https://google.com/46495,0
https://apple.com/26852,0
https://apple.com/47820,0
https://facebook.com/18988,0
https://stackoverflow.com/41981,0
https://stackoverflow.com/24424,0
https://apple.com/3831,0
https://github.com/2517,0
https://apple.com/29619,0
https://facebook.com/8869,0
https://stackoverflow.com/13436,0
https://wikipedia.org/21982,0
https://amazon.com/24547,0
https://stackoverflow.com/38391,0
https://microsoft.com/3829,0
https://apple.com/20198,0
https://apple.com/2656,0
https://github.com/23325,0
https://github.com/41459,0
https://apple.com/4945,0
https://github.com/11645,0
https://github.com/42008,0
https://facebook.com/44742,0
https://facebook.com/40596,0
https://apple.com/14577,0
https://wikipedia.org/47598,0
https://apple.com/45217,0
https://google.com/37679,0
https://github.com/23423,0
https://amazon.com/24149,0
https://facebook.com/35072,0
https://google.com/49657,0
https://microsoft.com/39285,0
https://microsoft.com/46370,0
https://wikipedia.org/4481,0
https://stackoverflow.com/26154,0
https://github.com/32876,0
https://microsoft.com/35661,0
https://amazon.com/42345,0
https://wikipedia.org/18758,0
https://google.com/43839,0
https://google.com/28081,0
https://wikipedia.org/19940,0
https://amazon.com/23372,0
https://stackoverflow.com/19232,0
https://google.com/8859,0
https://apple.com/4231,0
https://stackoverflow.com/38405,0
https://facebook.com/32596,0
https://microsoft.com/48994,0
https://facebook.com/42182,0
https://amazon.com/1694,0
https://github.com/8703,0
https://stackoverflow.com/11798,0
https://apple.com/3969,0
https://google.com/46649,0
https://google.com/9972,0
https://github.com/7926,0
https://wikipedia.org/20640,0
https://facebook.com/43285,0
https://wikipedia.org/10584,0
https://github.com/5184,0
https://microsoft.com/43285,0
https://amazon.com/1603,0
https://amazon.com/37401,0
https://google.com/21492,0
https://google.com/692,0
https://facebook.com/27384,0
https://google.com/9670,0
https://apple.com/44251,0
https://google.com/8033,0
https://amazon.com/33677,0
https://wikipedia.org/32360,0
https://microsoft.com/38815,0
https://stackoverflow.com/12624,0
https://apple.com/42171,0
https://stackoverflow.com/13794,0
https://apple.com/37708,0
https://google.com/48737,0
https://facebook.com/23680,0
https://amazon.com/46627,0
https://google.com/41178,0
https://github.com/44377,0
https://facebook.com/32330,0
https://github.com/37026,0
https://apple.com/21316,0
https://stackoverflow.com/13939,0
https://stackoverflow.com/27883,0
https://apple.com/9673,0
https://amazon.com/34347,0
https://github.com/17134,0
https://amazon.com/24366,0
https://amazon.com/36471,0
https://google.com/6864,0
https://apple.com/10390,0
https://google.com/30114,0
https://amazon.com/37557,0
https://amazon.com/31972,0
https://microsoft.com/31201,0
https://facebook.com/19923,0
https://stackoverflow.com/19523,0
https://apple.com/30402,0
https://wikipedia.org/4191,0
https://microsoft.com/23413,0
https://google.com/17322,0
https://stackoverflow.com/13077,0
https://apple.com/20766,0
https://wikipedia.org/1888,0
https://amazon.com/11900,0
https://stackoverflow.com/12154,0
https://apple.com/6477,0
https://google.com/5133,0
https://amazon.com/27073,0
https://stackoverflow.com/1440,0
https://github.com/38267,0
https://stackoverflow.com/17208,0
https://wikipedia.org/48389,0
https://amazon.com/13120,0
https://wikipedia.org/10198,0
https://facebook.com/39605,0
https://google.com/28308,0
https://microsoft.com/23568,0
https://github.com/39026,0
https://microsoft.com/9250,0
https://google.com/28161,0
https://apple.com/12008,0
https://facebook.com/46143,0
https://wikipedia.org/27728,0
https://stackoverflow.com/21206,0
https://microsoft.com/6017,0
https://amazon.com/2484,0
https://google.com/13865,0
https://stackoverflow.com/41286,0
https://stackoverflow.com/40316,0
https://stackoverflow.com/18941,0
https://github.com/11551,0
https://apple.com/45720,0
https://amazon.com/22343,0
https://apple.com/42693,0
https://apple.com/6616,0
https://facebook.com/40969,0
https://wikipedia.org/8823,0
https://google.com/40505,0
https://microsoft.com/13677,0
https://github.com/25534,0
https://github.com/43162,0
https://stackoverflow.com/14545,0
https://amazon.com/41972,0
https://apple.com/41117,0
https://apple.com/27723,0
https://google.com/49876,0
https://amazon.com/18721,0
https://google.com/5079,0
https://apple.com/8406,0
https://apple.com/40684,0
https://amazon.com/40486,0
https://microsoft.com/11311,0
https://amazon.com/22770,0
https://facebook.com/43139,0
https://microsoft.com/43770,0
https://microsoft.com/22177,0
https://microsoft.com/16467,0
https://apple.com/9982,0
https://wikipedia.org/22776,0
https://microsoft.com/8964,0
https://facebook.com/6426,0
https://apple.com/38981,0
https://microsoft.com/30017,0
https://facebook.com/48494,0
https://facebook.com/21447,0
https://amazon.com/826,0
https://google.com/19240,0
https://google.com/7941,0
https://google.com/39696,0
https://stackoverflow.com/40255,0
https://amazon.com/8348,0
https://amazon.com/42393,0
https://microsoft.com/288,0
https://google.com/12917,0
https://google.com/30129,0
https://google.com/267,0
https://apple.com/35056,0
https://microsoft.com/39362,0
https://github.com/16959,0
https://amazon.com/6951,0
https://apple.com/33320,0
https://wikipedia.org/12823,0
https://microsoft.com/37315,0
https://facebook.com/34143,0
https://microsoft.com/10756,0
https://stackoverflow.com/36004,0
https://apple.com/8759,0
https://apple.com/49416,0
https://wikipedia.org/26434,0
https://wikipedia.org/17109,0
https://stackoverflow.com/6054,0
https://wikipedia.org/25357,0
https://stackoverflow.com/38197,0
https://google.com/6972,0
https://github.com/118,0
https://github.com/13747,0
https://microsoft.com/27936,0
https://wikipedia.org/11910,0
https://amazon.com/9324,0
https://wikipedia.org/33298,0
https://wikipedia.org/29948,0
https://google.com/16901,0
https://microsoft.com/19618,0
https://amazon.com/10414,0
https://stackoverflow.com/8061,0
https://wikipedia.org/18532,0
https://facebook.com/4343,0
https://github.com/13280,0
https://amazon.com/25741,0
https://microsoft.com/3723,0
https://stackoverflow.com/3393,0
https://stackoverflow.com/37926,0
https://github.com/25365,0
https://facebook.com/38237,0
https://wikipedia.org/16606,0
https://wikipedia.org/34316,0
https://google.com/22590,0
https://amazon.com/13686,0
https://github.com/12968,0
https://apple.com/12285,0
https://microsoft.com/21268,0
https://amazon.com/24348,0
https://amazon.com/19651,0
https://google.com/47547,0
https://facebook.com/14386,0
https://stackoverflow.com/5678,0
https://wikipedia.org/26757,0
https://stackoverflow.com/29960,0
https://wikipedia.org/44081,0
https://amazon.com/891,0
https://stackoverflow.com/13063,0
https://apple.com/36012,0
https://stackoverflow.com/33386,0
https://apple.com/41048,0
https://apple.com/14955,0
https://apple.com/31260,0
https://apple.com/49784,0
https://amazon.com/32365,0
https://stackoverflow.com/36409,0
https://microsoft.com/7063,0
https://facebook.com/40431,0
https://google.com/44525,0
https://amazon.com/7904,0
https://github.com/41244,0
https://microsoft.com/26138,0
https://github.com/1546,0
https://facebook.com/48218,0
https://microsoft.com/48269,0
https://github.com/33515,0
https://stackoverflow.com/22397,0
https://apple.com/23698,0
https://facebook.com/32651,0
https://github.com/27758,0
https://google.com/23794,0
https://amazon.com/18841,0
https://wikipedia.org/34610,0
https://microsoft.com/32461,0
https://google.com/4299,0
https://amazon.com/2193,0
https://amazon.com/16531,0
https://apple.com/8021,0
https://microsoft.com/5051,0
https://google.com/36957,0
https://github.com/47784,0
https://stackoverflow.com/15037,0
https://stackoverflow.com/6912,0
https://google.com/46553,0
https://stackoverflow.com/45650,0
https://github.com/17028,0
https://apple.com/41820,0
https://microsoft.com/35466,0
https://amazon.com/14343,0
https://microsoft.com/14898,0
https://microsoft.com/43599,0
https://amazon.com/48913,0
https://google.com/33501,0
https://amazon.com/31962,0
https://google.com/47628,0
https://google.com/34815,0
https://google.com/32035,0
https://github.com/43266,0
https://stackoverflow.com/39151,0
https://stackoverflow.com/6392,0
https://github.com/11566,0
https://stackoverflow.com/48566,0
https://facebook.com/5347,0
https://microsoft.com/46645,0
https://google.com/22118,0
https://stackoverflow.com/39941,0
https://amazon.com/27078,0
https://facebook.com/49713,0
https://github.com/27072,0
https://stackoverflow.com/16425,0
https://amazon.com/42070,0
https://stackoverflow.com/709,0
https://apple.com/49997,0
https://github.com/49863,0
https://stackoverflow.com/36472,0
https://github.com/19589,0
https://microsoft.com/16081,0
https://github.com/37160,0
https://google.com/37220,0
https://stackoverflow.com/8876,0
https://facebook.com/35360,0
https://github.com/28791,0
https://facebook.com/47972,0
https://amazon.com/19377,0
https://stackoverflow.com/26410,0
https://google.com/30966,0
https://amazon.com/30917,0
https://facebook.com/43498,0
https://wikipedia.org/48962,0
https://amazon.com/18882,0
https://microsoft.com/41652,0
https://microsoft.com/40770,0
https://amazon.com/21996,0
https://facebook.com/13488,0
https://amazon.com/25136,0
https://github.com/12987,0
https://google.com/25288,0
https://wikipedia.org/6784,0
https://microsoft.com/48694,0
https://facebook.com/5565,0
https://amazon.com/31213,0
https://amazon.com/18183,0
https://microsoft.com/24198,0
https://amazon.com/19574,0
https://amazon.com/12719,0
https://wikipedia.org/112,0
https://facebook.com/207,0
https://apple.com/10640,0
https://facebook.com/10706,0
https://amazon.com/22034,0
https://microsoft.com/19483,0
https://facebook.com/32282,0
https://wikipedia.org/8072,0
https://github.com/13164,0
https://google.com/34300,0
https://github.com/29608,0
https://wikipedia.org/19068,0
https://stackoverflow.com/28737,0
https://wikipedia.org/39225,0
https://github.com/10043,0
https://google.com/15834,0
https://stackoverflow.com/13509,0
https://google.com/11149,0
https://facebook.com/10665,0
https://google.com/43976,0
https://wikipedia.org/12161,0
https://stackoverflow.com/14796,0
https://wikipedia.org/13132,0
https://apple.com/31377,0
https://wikipedia.org/46142,0
https://github.com/39129,0
https://amazon.com/27729,0
https://apple.com/34114,0
https://amazon.com/15817,0
https://google.com/20321,0
https://google.com/27140,0
https://stackoverflow.com/31603,0
https://github.com/10230,0
https://facebook.com/11843,0
https://wikipedia.org/49013,0
https://google.com/262,0
https://stackoverflow.com/47838,0
https://stackoverflow.com/43695,0
https://stackoverflow.com/37207,0
https://microsoft.com/29860,0
https://facebook.com/19864,0
https://facebook.com/10234,0
https://facebook.com/1017,0
https://facebook.com/8649,0
https://stackoverflow.com/35978,0
https://microsoft.com/6722,0
https://microsoft.com/20633,0
https://stackoverflow.com/31890,0
https://wikipedia.org/42896,0
https://amazon.com/11095,0
https://facebook.com/41190,0
https://amazon.com/10930,0
https://facebook.com/41268,0
https://microsoft.com/1816,0
https://stackoverflow.com/19438,0
https://apple.com/40187,0
https://github.com/356,0
https://apple.com/10637,0
https://stackoverflow.com/33178,0
https://wikipedia.org/40935,0
https://microsoft.com/45811,0
https://stackoverflow.com/22987,0
https://wikipedia.org/24000,0
https://microsoft.com/48778,0
https://microsoft.com/19647,0
https://microsoft.com/46200,0
https://wikipedia.org/21831,0
https://stackoverflow.com/11135,0
https://apple.com/9656,0
https://amazon.com/29859,0
https://apple.com/24720,0
https://google.com/29033,0
https://microsoft.com/42859,0
https://facebook.com/46005,0
https://github.com/45109,0
https://apple.com/34121,0
https://google.com/39741,0
https://wikipedia.org/29261,0
https://microsoft.com/45625,0
https://amazon.com/7232,0
https://stackoverflow.com/21109,0
https://wikipedia.org/25211,0
https://facebook.com/37700,0
https://google.com/42831,0
https://microsoft.com/3647,0
https://github.com/30101,0
https://google.com/5189,0
https://wikipedia.org/31448,0
https://apple.com/16273,0
https://stackoverflow.com/45160,0
https://github.com/30095,0
https://google.com/40219,0
https://google.com/18644,0
https://microsoft.com/28956,0
https://google.com/20502,0
https://github.com/23814,0
https://amazon.com/7396,0
https://microsoft.com/9621,0
https://stackoverflow.com/27104,0
https://google.com/33089,0
https://github.com/37307,0
https://google.com/49406,0
https://microsoft.com/29948,0
https://apple.com/43389,0
https://stackoverflow.com/28598,0
https://apple.com/21556,0
https://amazon.com/49085,0
https://google.com/12654,0
https://facebook.com/16673,0
https://apple.com/46930,0
https://microsoft.com/28239,0
https://microsoft.com/25723,0
https://wikipedia.org/39711,0
https://apple.com/18045,0
https://wikipedia.org/31478,0
https://microsoft.com/19606,0
https://apple.com/31561,0
https://wikipedia.org/49005,0
https://amazon.com/4279,0
https://github.com/7019,0
https://facebook.com/10144,0
https://google.com/13267,0
https://wikipedia.org/5132,0
https://apple.com/33154,0
https://wikipedia.org/25232,0
https://facebook.com/38488,0
https://facebook.com/37305,0
https://google.com/27248,0
https://microsoft.com/17477,0
https://apple.com/11325,0
https://stackoverflow.com/42773,0
https://stackoverflow.com/6018,0
https://wikipedia.org/26629,0
https://facebook.com/5707,0
https://apple.com/38214,0
https://microsoft.com/32715,0
https://apple.com/41039,0
https://google.com/5733,0
https://wikipedia.org/19566,0
https://amazon.com/30320,0
https://apple.com/5075,0
https://apple.com/15683,0
https://amazon.com/5296,0
https://apple.com/9057,0
https://amazon.com/38277,0
https://google.com/31525,0
https://stackoverflow.com/38524,0
https://facebook.com/41286,0
https://stackoverflow.com/25171,0
https://github.com/42455,0
https://amazon.com/24276,0
https://github.com/42912,0
https://github.com/28484,0
https://stackoverflow.com/12887,0
https://microsoft.com/40415,0
https://facebook.com/34902,0
https://amazon.com/10005,0
https://microsoft.com/34041,0
https://apple.com/3821,0
https://apple.com/6166,0
https://amazon.com/2157,0
https://apple.com/17487,0
https://facebook.com/19828,0
https://github.com/8062,0
https://facebook.com/20952,0
https://wikipedia.org/10878,0
https://github.com/24475,0
https://apple.com/28613,0
https://github.com/10672,0
https://microsoft.com/23723,0
https://stackoverflow.com/291,0
https://apple.com/516,0
https://apple.com/24701,0
https://amazon.com/26551,0
https://microsoft.com/31048,0
https://wikipedia.org/5501,0
https://facebook.com/12292,0
https://apple.com/19961,0
https://google.com/22774,0
https://apple.com/37493,0
https://stackoverflow.com/462,0
https://facebook.com/15245,0
https://github.com/10044,0
https://wikipedia.org/41231,0
https://stackoverflow.com/35697,0
https://amazon.com/16848,0
https://amazon.com/20939,0
https://amazon.com/43128,0
https://wikipedia.org/12770,0
https://google.com/49728,0
https://amazon.com/17580,0
https://wikipedia.org/8414,0
https://google.com/16493,0
https://google.com/2371,0
https://microsoft.com/36489,0
https://amazon.com/10230,0
https://amazon.com/12888,0
https://stackoverflow.com/42178,0
https://amazon.com/11796,0
https://github.com/5561,0
https://wikipedia.org/35367,0
https://amazon.com/291,0
https://amazon.com/18835,0
https://google.com/16140,0
https://google.com/43295,0
https://facebook.com/32760,0
https://wikipedia.org/25930,0
https://amazon.com/39679,0
https://wikipedia.org/5954,0
https://google.com/12812,0
https://apple.com/11216,0
https://facebook.com/38429,0
https://microsoft.com/47354,0
https://microsoft.com/9106,0
https://wikipedia.org/22552,0
https://wikipedia.org/21047,0
https://github.com/34640,0
https://github.com/3365,0
https://microsoft.com/18502,0
https://google.com/22311,0
https://stackoverflow.com/39244,0
https://google.com/12129,0
https://stackoverflow.com/952,0
https://wikipedia.org/33298,0
https://apple.com/8437,0
https://amazon.com/42926,0
https://stackoverflow.com/37987,0
https://microsoft.com/9196,0
https://stackoverflow.com/31985,0
https://apple.com/20722,0
https://stackoverflow.com/15775,0
https://facebook.com/44209,0
https://amazon.com/31454,0
https://facebook.com/49429,0
https://microsoft.com/39466,0
https://wikipedia.org/8747,0
https://wikipedia.org/42406,0
https://stackoverflow.com/13909,0
https://facebook.com/12466,0
https://google.com/4393,0
https://github.com/30083,0
https://github.com/18364,0
https://github.com/30126,0
https://github.com/33400,0
https://github.com/28189,0
https://github.com/27220,0
https://facebook.com/16085,0
https://microsoft.com/14780,0
https://facebook.com/9525,0
https://github.com/6313,0
https://apple.com/22429,0
https://amazon.com/4089,0
https://github.com/43951,0
https://google.com/29754,0
https://microsoft.com/46443,0
https://microsoft.com/36942,0
https://apple.com/49534,0
https://stackoverflow.com/17143,0
https://microsoft.com/1475,0
https://wikipedia.org/27433,0
https://github.com/25198,0
https://apple.com/49475,0
https://google.com/8187,0
https://stackoverflow.com/22246,0
https://facebook.com/5422,0
https://microsoft.com/2569,0
https://facebook.com/42986,0
https://github.com/47019,0
https://microsoft.com/15633,0
https://amazon.com/18588,0
https://wikipedia.org/45406,0
https://github.com/18688,0
https://apple.com/3265,0
https://amazon.com/44097,0
https://github.com/8237,0
https://amazon.com/605,0
https://wikipedia.org/30305,0
https://stackoverflow.com/9606,0
https://google.com/24419,0
https://apple.com/8551,0
https://stackoverflow.com/4573,0
https://wikipedia.org/36779,0
https://google.com/9616,0
https://wikipedia.org/26325,0
https://google.com/34651,0
https://google.com/19015,0
https://facebook.com/28151,0
https://amazon.com/46582,0
https://facebook.com/24467,0
https://google.com/49288,0
https://wikipedia.org/45957,0
https://github.com/49391,0
https://github.com/2187,0
https://google.com/44518,0
https://google.com/24775,0
https://microsoft.com/37841,0
https://facebook.com/36909,0
https://amazon.com/5526,0
https://facebook.com/44240,0
https://apple.com/13707,0
https://stackoverflow.com/18261,0
https://wikipedia.org/43852,0
https://apple.com/44415,0
https://wikipedia.org/17028,0
https://wikipedia.org/40491,0
https://facebook.com/36470,0
https://wikipedia.org/16169,0
https://github.com/13685,0
https://apple.com/41497,0
https://apple.com/10426,0
https://github.com/16650,0
https://stackoverflow.com/28761,0
https://github.com/48232,0
https://wikipedia.org/33028,0
https://google.com/39268,0
https://wikipedia.org/44069,0
https://amazon.com/13783,0
https://github.com/33969,0
https://stackoverflow.com/41166,0
https://wikipedia.org/41022,0
https://github.com/5000,0
https://amazon.com/13056,0
https://stackoverflow.com/45279,0
https://github.com/7845,0
https://google.com/47068,0
https://wikipedia.org/16630,0
https://github.com/21185,0
https://apple.com/9375,0
https://stackoverflow.com/38759,0
https://apple.com/32970,0
https://google.com/3203,0
https://stackoverflow.com/5739,0
https://apple.com/26351,0
https://wikipedia.org/8873,0
https://facebook.com/20688,0
https://wikipedia.org/33315,0
https://apple.com/17744,0
https://google.com/14720,0
https://stackoverflow.com/7422,0
https://facebook.com/32408,0
https://apple.com/16536,0
https://stackoverflow.com/3169,0
https://microsoft.com/25557,0
https://github.com/41595,0
https://wikipedia.org/45009,0
https://stackoverflow.com/25844,0
https://google.com/18693,0
https://microsoft.com/21035,0
https://stackoverflow.com/32624,0
https://amazon.com/33473,0
https://apple.com/12321,0
https://amazon.com/41911,0
https://apple.com/32492,0
https://wikipedia.org/24775,0
https://google.com/41912,0
https://github.com/20119,0
https://apple.com/49155,0
https://google.com/40353,0
https://apple.com/6450,0
https://github.com/2252,0
https://amazon.com/25036,0
https://microsoft.com/10894,0
https://github.com/29693,0
https://apple.com/19746,0
https://github.com/16214,0
https://google.com/48879,0
https://microsoft.com/38643,0
https://amazon.com/3380,0
https://google.com/12109,0
https://facebook.com/18058,0
https://amazon.com/18676,0
https://wikipedia.org/48994,0
https://amazon.com/46423,0
https://apple.com/33759,0
https://amazon.com/17289,0
https://microsoft.com/9340,0
https://wikipedia.org/7375,0
https://stackoverflow.com/7638,0
https://google.com/22415,0
https://apple.com/6129,0
https://github.com/6329,0
https://facebook.com/46195,0
https://wikipedia.org/39939,0
https://wikipedia.org/21359,0
https://stackoverflow.com/7248,0
https://microsoft.com/22778,0
https://amazon.com/41705,0
https://microsoft.com/49884,0
https://google.com/38375,0
https://amazon.com/43989,0
https://wikipedia.org/22070,0
https://github.com/30468,0
https://apple.com/15429,0
https://apple.com/10360,0
https://stackoverflow.com/36723,0
https://google.com/43140,0
https://github.com/13855,0
https://github.com/49148,0
https://facebook.com/38660,0
https://stackoverflow.com/33068,0
https://facebook.com/1586,0
https://wikipedia.org/25785,0
https://amazon.com/19243,0
https://apple.com/31158,0
https://google.com/45558,0
https://stackoverflow.com/45545,0
https://apple.com/22316,0
https://google.com/40228,0
https://github.com/39166,0
https://github.com/38278,0
https://stackoverflow.com/24841,0
https://apple.com/5572,0
https://amazon.com/46399,0
https://stackoverflow.com/18556,0
https://google.com/9998,0
https://github.com/1458,0
https://facebook.com/29056,0
https://microsoft.com/23293,0
https://microsoft.com/42738,0
https://stackoverflow.com/12957,0
https://facebook.com/10170,0
https://amazon.com/48659,0
https://facebook.com/47638,0
https://google.com/40575,0
https://google.com/40622,0
https://wikipedia.org/33419,0
https://amazon.com/11844,0
https://wikipedia.org/37875,0
https://apple.com/7446,0
https://google.com/7016,0
https://stackoverflow.com/46760,0
https://apple.com/15999,0
https://amazon.com/957,0
https://apple.com/27814,0
https://stackoverflow.com/18234,0
https://amazon.com/16451,0
https://stackoverflow.com/4979,0
https://microsoft.com/4001,0
https://google.com/1144,0
https://amazon.com/42364,0
https://microsoft.com/29713,0
https://facebook.com/20715,0
https://facebook.com/39293,0
https://stackoverflow.com/44103,0
https://amazon.com/36186,0
https://github.com/18456,0
https://apple.com/3138,0
https://github.com/46140,0
https://stackoverflow.com/45918,0
https://microsoft.com/24314,0
https://facebook.com/20172,0
https://amazon.com/29125,0
https://wikipedia.org/48704,0
https://github.com/46619,0
https://microsoft.com/11075,0
https://facebook.com/30705,0
https://microsoft.com/44971,0
https://amazon.com/32451,0
https://apple.com/17706,0
https://stackoverflow.com/18861,0
https://facebook.com/43384,0
https://github.com/44933,0
https://wikipedia.org/14409,0
https://facebook.com/18064,0
https://github.com/26944,0
https://google.com/1917,0
https://stackoverflow.com/8134,0
https://amazon.com/27829,0
https://amazon.com/44170,0
https://microsoft.com/5416,0
https://amazon.com/25316,0
https://google.com/39165,0
https://github.com/46873,0
https://wikipedia.org/30783,0
https://microsoft.com/28744,0
https://amazon.com/49691,0
https://stackoverflow.com/10620,0
https://amazon.com/4169,0
https://stackoverflow.com/26279,0
https://stackoverflow.com/44717,0
https://apple.com/47816,0
https://apple.com/45827,0
https://stackoverflow.com/19127,0
https://microsoft.com/28903,0
https://wikipedia.org/28122,0
https://microsoft.com/41784,0
https://facebook.com/38111,0
https://google.com/28812,0
https://github.com/29794,0
https://amazon.com/36209,0
https://facebook.com/36366,0
https://microsoft.com/1115,0
https://wikipedia.org/27423,0
https://amazon.com/14641,0
https://stackoverflow.com/47301,0
https://facebook.com/18570,0
https://google.com/46156,0
https://amazon.com/47781,0
https://apple.com/14755,0
https://github.com/3725,0
https://google.com/43519,0
https://stackoverflow.com/38379,0
https://wikipedia.org/9339,0
https://microsoft.com/46288,0
https://google.com/16149,0
https://apple.com/48507,0
https://facebook.com/32353,0
https://stackoverflow.com/30720,0
https://apple.com/26501,0
https://stackoverflow.com/392,0
https://microsoft.com/18025,0
https://amazon.com/13575,0
https://microsoft.com/40751,0
https://github.com/46791,0
https://github.com/19351,0
https://wikipedia.org/34357,0
https://github.com/13631,0
https://github.com/29438,0
https://github.com/46285,0
https://github.com/2448,0
https://github.com/18663,0
https://github.com/2386,0
https://apple.com/16818,0
https://facebook.com/1583,0
https://github.com/41187,0
https://apple.com/7925,0
https://stackoverflow.com/14200,0
https://stackoverflow.com/26287,0
https://stackoverflow.com/37125,0
https://google.com/19886,0
https://apple.com/30520,0
https://stackoverflow.com/24406,0
https://wikipedia.org/46937,0
https://facebook.com/13963,0
https://facebook.com/12101,0
https://apple.com/3186,0
https://wikipedia.org/41991,0
https://wikipedia.org/4546,0
https://wikipedia.org/18378,0
https://amazon.com/24258,0
https://microsoft.com/27224,0
https://github.com/33407,0
https://stackoverflow.com/18950,0
https://github.com/15774,0
https://facebook.com/3679,0
https://stackoverflow.com/10794,0
https://google.com/43304,0
https://apple.com/46622,0
https://microsoft.com/25050,0
https://facebook.com/27846,0
https://stackoverflow.com/26590,0
https://facebook.com/27929,0
https://facebook.com/34109,0
https://apple.com/46088,0
https://amazon.com/33309,0
https://github.com/4235,0
https://microsoft.com/96,0
https://microsoft.com/3859,0
https://github.com/12958,0
https://google.com/39161,0
https://apple.com/38641,0
https://apple.com/41659,0
https://google.com/17540,0
https://microsoft.com/27174,0
https://amazon.com/19337,0
https://facebook.com/42956,0
https://microsoft.com/44138,0
https://wikipedia.org/25039,0
https://github.com/32496,0
https://microsoft.com/6440,0
https://google.com/37219,0
https://wikipedia.org/29444,0
https://amazon.com/47139,0
https://apple.com/26476,0
https://github.com/33096,0
https://wikipedia.org/26270,0
https://google.com/43773,0
https://microsoft.com/43331,0
https://amazon.com/44443,0
https://stackoverflow.com/41292,0
https://apple.com/3133,0
https://facebook.com/38298,0
https://stackoverflow.com/9646,0
https://apple.com/27956,0
https://wikipedia.org/45111,0
https://microsoft.com/40329,0
https://facebook.com/37141,0
https://apple.com/45593,0
https://wikipedia.org/23069,0
https://google.com/4953,0
https://apple.com/9644,0
https://github.com/45985,0
https://facebook.com/8726,0
https://github.com/48227,0
https://wikipedia.org/5759,0
https://github.com/30669,0
https://stackoverflow.com/9015,0
https://wikipedia.org/43770,0
https://wikipedia.org/36837,0
https://stackoverflow.com/367,0
https://wikipedia.org/42587,0
https://github.com/32528,0
https://facebook.com/39538,0
https://google.com/13043,0
https://amazon.com/1357,0
https://apple.com/13363,0
https://google.com/23557,0
https://stackoverflow.com/25838,0
https://microsoft.com/45442,0
https://amazon.com/23922,0
https://apple.com/5656,0
https://google.com/20344,0
https://amazon.com/11836,0
https://apple.com/46373,0
https://google.com/18203,0
https://google.com/48668,0
https://apple.com/19744,0
https://stackoverflow.com/36844,0
https://microsoft.com/17177,0
https://google.com/4510,0
https://stackoverflow.com/44383,0
https://wikipedia.org/16356,0
https://stackoverflow.com/48575,0
https://google.com/20859,0
https://amazon.com/17194,0
https://stackoverflow.com/16742,0
https://microsoft.com/39527,0
https://facebook.com/9160,0
https://github.com/43161,0
https://facebook.com/25479,0
https://google.com/43674,0
https://microsoft.com/2516,0
https://google.com/39551,0
https://github.com/40299,0
https://google.com/45583,0
https://google.com/1240,0
https://github.com/20845,0
https://amazon.com/14858,0
https://facebook.com/14820,0
https://apple.com/6467,0
https://amazon.com/49129,0
https://wikipedia.org/4868,0
https://microsoft.com/12378,0
https://google.com/49525,0
https://wikipedia.org/20582,0
https://apple.com/17658,0
https://amazon.com/33109,0
https://facebook.com/28480,0
https://amazon.com/13078,0
https://apple.com/2602,0
https://github.com/2075,0
https://stackoverflow.com/35696,0
https://microsoft.com/48012,0
https://stackoverflow.com/10515,0
https://facebook.com/21421,0
https://github.com/43347,0
https://stackoverflow.com/24456,0
https://facebook.com/7615,0
https://apple.com/32958,0
https://amazon.com/17819,0
https://microsoft.com/18385,0
https://amazon.com/35356,0
https://google.com/48822,0
https://stackoverflow.com/41153,0
https://microsoft.com/11973,0
https://google.com/29620,0
https://apple.com/35955,0
https://facebook.com/23403,0
https://microsoft.com/20231,0
https://google.com/34439,0
https://github.com/23976,0
https://apple.com/11633,0
https://wikipedia.org/2942,0
https://wikipedia.org/31165,0
https://apple.com/31816,0
https://apple.com/8085,0
https://google.com/10792,0
https://amazon.com/44236,0
https://google.com/43251,0
https://amazon.com/46523,0
https://apple.com/32238,0
https://facebook.com/22590,0
https://stackoverflow.com/38834,0
https://github.com/23530,0
https://wikipedia.org/6379,0
https://wikipedia.org/49761,0
https://google.com/48459,0
https://stackoverflow.com/18243,0
https://stackoverflow.com/4780,0
https://apple.com/40376,0
https://facebook.com/5164,0
https://wikipedia.org/13501,0
https://microsoft.com/28516,0
https://apple.com/19972,0
https://microsoft.com/4967,0
https://stackoverflow.com/8583,0
https://google.com/28139,0
https://github.com/14555,0
https://microsoft.com/14912,0
https://apple.com/32971,0
https://amazon.com/12820,0
https://microsoft.com/43940,0
https://wikipedia.org/34120,0
https://github.com/1419,0
https://stackoverflow.com/40498,0
https://microsoft.com/6586,0
https://wikipedia.org/24737,0
https://google.com/7273,0
https://amazon.com/89,0
https://microsoft.com/8849,0
https://microsoft.com/14015,0
https://wikipedia.org/31627,0
https://google.com/6814,0
https://wikipedia.org/20404,0
https://facebook.com/27115,0
https://microsoft.com/9776,0
https://facebook.com/2980,0
https://wikipedia.org/12256,0
https://github.com/12405,0
https://google.com/4132,0
https://github.com/26534,0
https://facebook.com/32322,0
https://microsoft.com/33844,0
https://google.com/26063,0
https://amazon.com/44918,0
https://wikipedia.org/12386,0
https://amazon.com/45290,0
https://google.com/24888,0
https://microsoft.com/47748,0
https://facebook.com/31623,0
https://facebook.com/7510,0
https://facebook.com/4277,0
https://apple.com/29557,0
https://wikipedia.org/35368,0
https://github.com/18081,0
https://facebook.com/20326,0
https://github.com/49924,0
https://facebook.com/30049,0
https://microsoft.com/30265,0
https://github.com/3699,0
https://github.com/37351,0
https://amazon.com/33425,0
https://apple.com/1560,0
https://microsoft.com/19268,0
https://microsoft.com/32101,0
https://apple.com/48722,0
https://stackoverflow.com/42447,0
https://microsoft.com/34818,0
https://github.com/20069,0
https://wikipedia.org/35848,0
https://apple.com/19632,0
https://github.com/6956,0
https://microsoft.com/41117,0
https://google.com/8240,0
https://google.com/14843,0
https://facebook.com/42592,0
https://wikipedia.org/5728,0
https://facebook.com/33792,0
https://facebook.com/12381,0
https://wikipedia.org/4397,0
https://apple.com/17749,0
https://amazon.com/10218,0
https://apple.com/10742,0
https://apple.com/43594,0
https://github.com/1551,0
https://apple.com/47481,0
https://google.com/24921,0
https://stackoverflow.com/900,0
https://stackoverflow.com/6918,0
https://amazon.com/24744,0
https://microsoft.com/17895,0
https://microsoft.com/37681,0
https://microsoft.com/24365,0
https://apple.com/20170,0
https://amazon.com/9619,0
https://microsoft.com/18118,0
https://stackoverflow.com/14141,0
https://stackoverflow.com/1192,0
https://stackoverflow.com/823,0
https://stackoverflow.com/22379,0
https://amazon.com/45844,0
https://github.com/29783,0
https://google.com/48574,0
https://apple.com/11282,0
https://github.com/8561,0
https://github.com/30175,0
https://github.com/42339,0
https://amazon.com/29789,0
https://stackoverflow.com/37545,0
https://amazon.com/36372,0
https://microsoft.com/46830,0
https://google.com/49155,0
https://facebook.com/33664,0
https://stackoverflow.com/40798,0
https://apple.com/15981,0
https://google.com/38908,0
https://google.com/17416,0
https://apple.com/39469,0
https://facebook.com/13986,0
https://stackoverflow.com/45526,0
https://microsoft.com/16882,0
https://wikipedia.org/24071,0
https://google.com/19250,0
https://github.com/49715,0
https://stackoverflow.com/27577,0
https://github.com/12989,0
https://google.com/1618,0
https://apple.com/12031,0
https://amazon.com/15982,0
https://wikipedia.org/4440,0
https://microsoft.com/795,0
https://google.com/41239,0
https://github.com/24475,0
https://google.com/2657,0
https://stackoverflow.com/999,0
https://apple.com/20228,0
https://stackoverflow.com/8146,0
https://stackoverflow.com/17935,0
https://stackoverflow.com/12135,0
https://microsoft.com/10997,0
https://amazon.com/49022,0
https://microsoft.com/20292,0
https://amazon.com/28612,0
https://amazon.com/49729,0
https://stackoverflow.com/40963,0
https://amazon.com/15209,0
https://amazon.com/42154,0
https://amazon.com/36168,0
https://apple.com/25420,0
https://github.com/11062,0
https://apple.com/32387,0
https://microsoft.com/49533,0
https://microsoft.com/32368,0
https://apple.com/49455,0
https://github.com/43890,0
https://apple.com/2414,0
https://facebook.com/34246,0
https://google.com/15584,0
https://facebook.com/37802,0
https://apple.com/8328,0
https://wikipedia.org/2937,0
https://apple.com/36147,0
https://amazon.com/35995,0
https://facebook.com/908,0
https://stackoverflow.com/26936,0
https://google.com/29946,0
https://google.com/36960,0
https://google.com/43387,0
https://google.com/32282,0
https://microsoft.com/23125,0
https://facebook.com/46120,0
https://wikipedia.org/32131,0
https://microsoft.com/33409,0
https://stackoverflow.com/7114,0
https://facebook.com/18126,0
https://apple.com/38879,0
https://stackoverflow.com/25155,0
https://wikipedia.org/20131,0
https://github.com/25156,0
https://github.com/5051,0
https://amazon.com/49588,0
https://apple.com/33992,0
https://microsoft.com/18652,0
https://facebook.com/39075,0
https://apple.com/46267,0
https://apple.com/153,0
https://apple.com/12171,0
https://microsoft.com/39562,0
https://wikipedia.org/28679,0
https://amazon.com/2449,0
https://facebook.com/22325,0
https://amazon.com/26098,0
https://microsoft.com/32503,0
https://facebook.com/18503,0
https://amazon.com/6113,0
https://microsoft.com/22844,0
https://stackoverflow.com/2513,0
https://google.com/4211,0
https://github.com/26322,0
https://microsoft.com/26641,0
https://apple.com/18212,0
https://google.com/27769,0
https://github.com/32888,0
https://microsoft.com/40467,0
https://facebook.com/38078,0
https://github.com/28442,0
https://microsoft.com/25613,0
https://github.com/35124,0
https://amazon.com/48758,0
https://amazon.com/43208,0
https://apple.com/20329,0
https://stackoverflow.com/4557,0
https://stackoverflow.com/4555,0
https://amazon.com/37137,0
https://github.com/27454,0
https://facebook.com/9751,0
https://github.com/10279,0
https://microsoft.com/25737,0
https://github.com/45516,0
https://github.com/14903,0
https://github.com/37920,0
https://microsoft.com/21965,0
https://google.com/40041,0
https://github.com/22950,0
https://microsoft.com/41970,0
https://apple.com/37007,0
https://facebook.com/10856,0
https://wikipedia.org/44979,0
https://amazon.com/25147,0
https://wikipedia.org/11445,0
https://wikipedia.org/29328,0
https://wikipedia.org/36762,0
https://github.com/25521,0
https://microsoft.com/18699,0
https://apple.com/45865,0
https://wikipedia.org/36088,0
https://amazon.com/30283,0
https://microsoft.com/32525,0
https://google.com/44699,0
https://facebook.com/29570,0
https://facebook.com/23529,0
https://apple.com/35540,0
https://google.com/46794,0
https://wikipedia.org/27600,0
https://google.com/20632,0
https://google.com/28982,0
https://google.com/15811,0
https://apple.com/13461,0
https://google.com/2576,0
https://github.com/32440,0
https://google.com/40506,0
https://google.com/43056,0
https://facebook.com/12961,0
https://amazon.com/33629,0
https://wikipedia.org/30827,0
https://facebook.com/11923,0
https://google.com/382,0
https://google.com/23837,0
https://github.com/5150,0
https://google.com/13164,0
https://microsoft.com/43667,0
https://facebook.com/46244,0
https://facebook.com/11706,0
https://wikipedia.org/17851,0
https://apple.com/412,0
https://wikipedia.org/22356,0
https://github.com/16126,0
https://amazon.com/19327,0
https://microsoft.com/38505,0
https://microsoft.com/16162,0
https://github.com/5946,0
https://stackoverflow.com/18792,0
https://wikipedia.org/36752,0
https://amazon.com/23195,0
https://wikipedia.org/28688,0
https://facebook.com/22831,0
https://stackoverflow.com/47303,0
https://microsoft.com/45011,0
https://amazon.com/41817,0
https://amazon.com/7969,0
https://apple.com/14210,0
https://apple.com/32112,0
https://facebook.com/5486,0
https://google.com/19095,0
https://google.com/32018,0
https://google.com/33682,0
https://stackoverflow.com/1127,0
https://github.com/460,0
https://facebook.com/18918,0
https://apple.com/48638,0
https://apple.com/28119,0
https://wikipedia.org/32171,0
https://google.com/16115,0
https://stackoverflow.com/44940,0
https://facebook.com/22722,0
https://wikipedia.org/6918,0
https://wikipedia.org/38280,0
https://github.com/40267,0
https://google.com/26095,0
https://wikipedia.org/28379,0
https://amazon.com/22576,0
https://microsoft.com/22516,0
https://stackoverflow.com/18736,0
https://github.com/15560,0
https://stackoverflow.com/21142,0
https://wikipedia.org/34279,0
https://google.com/29121,0
https://facebook.com/19853,0
https://microsoft.com/28344,0
https://microsoft.com/30568,0
https://microsoft.com/18167,0
https://wikipedia.org/10458,0
https://stackoverflow.com/32250,0
https://stackoverflow.com/40829,0
https://wikipedia.org/16874,0
https://microsoft.com/29492,0
https://github.com/24797,0
https://apple.com/43937,0
https://wikipedia.org/45100,0
https://facebook.com/8102,0
https://facebook.com/25236,0
https://amazon.com/42238,0
https://microsoft.com/35117,0
https://google.com/41165,0
https://stackoverflow.com/23048,0
https://google.com/9467,0
https://github.com/35301,0
https://stackoverflow.com/31968,0
https://apple.com/9147,0
https://apple.com/13019,0
https://google.com/48974,0
https://github.com/13126,0
https://facebook.com/29217,0
https://stackoverflow.com/48839,0
https://amazon.com/43268,0
https://google.com/16105,0
https://wikipedia.org/9736,0
https://wikipedia.org/9852,0
https://facebook.com/24396,0
https://microsoft.com/31530,0
https://facebook.com/34763,0
https://google.com/30413,0
https://google.com/4981,0
https://google.com/39615,0
https://amazon.com/889,0
https://stackoverflow.com/44250,0
https://apple.com/25957,0
https://microsoft.com/33994,0
https://wikipedia.org/25909,0
https://google.com/47742,0
https://amazon.com/30100,0
https://amazon.com/41817,0
https://google.com/34775,0
https://google.com/30657,0
https://facebook.com/1172,0
https://amazon.com/16063,0
https://facebook.com/39533,0
https://amazon.com/21827,0
https://microsoft.com/46863,0
https://stackoverflow.com/22500,0
https://microsoft.com/26398,0
https://facebook.com/33954,0
https://stackoverflow.com/15881,0
https://apple.com/28267,0
https://apple.com/48465,0
https://stackoverflow.com/15359,0
https://google.com/16348,0
https://wikipedia.org/26265,0
https://stackoverflow.com/29839,0
https://apple.com/4334,0
https://apple.com/7844,0
https://amazon.com/34533,0
https://github.com/45239,0
https://stackoverflow.com/31433,0
https://google.com/40140,0
https://apple.com/16854,0
https://microsoft.com/9772,0
https://wikipedia.org/44752,0
https://microsoft.com/47049,0
https://apple.com/39597,0
https://apple.com/38022,0
https://github.com/33232,0
https://stackoverflow.com/39323,0
https://wikipedia.org/31692,0
https://wikipedia.org/27493,0
https://github.com/37613,0
https://facebook.com/36221,0
https://facebook.com/40732,0
https://apple.com/12597,0
https://apple.com/37816,0
https://github.com/46988,0
https://stackoverflow.com/37158,0
https://facebook.com/4350,0
https://stackoverflow.com/15084,0
https://wikipedia.org/33392,0
https://github.com/39695,0
https://facebook.com/49810,0
https://microsoft.com/39904,0
https://google.com/17214,0
https://amazon.com/37124,0
https://stackoverflow.com/29229,0
https://amazon.com/4050,0
https://apple.com/37969,0
https://apple.com/13952,0
https://apple.com/9814,0
https://apple.com/48458,0
https://microsoft.com/2186,0
https://wikipedia.org/24696,0
https://github.com/38542,0
https://facebook.com/21447,0
https://google.com/32817,0
https://facebook.com/40765,0
https://amazon.com/22245,0
https://wikipedia.org/5495,0
https://amazon.com/21842,0
https://microsoft.com/17978,0
https://github.com/30232,0
https://amazon.com/16635,0
https://facebook.com/5795,0
https://facebook.com/45334,0
https://github.com/13023,0
https://facebook.com/9572,0
https://facebook.com/35899,0
https://github.com/28924,0
https://github.com/15479,0
https://github.com/25972,0
https://microsoft.com/33301,0
https://microsoft.com/846,0
https://microsoft.com/25289,0
https://amazon.com/20187,0
https://apple.com/22515,0
https://github.com/5809,0
https://microsoft.com/36709,0
https://apple.com/28506,0
https://apple.com/47748,0
https://wikipedia.org/21546,0
https://microsoft.com/47376,0
https://facebook.com/23749,0
https://microsoft.com/10185,0
https://stackoverflow.com/19443,0
https://amazon.com/34869,0
https://apple.com/34175,0
https://stackoverflow.com/37400,0
https://microsoft.com/19355,0
https://github.com/4420,0
https://facebook.com/17923,0
https://wikipedia.org/36497,0
https://google.com/35081,0
https://stackoverflow.com/35517,0
https://github.com/24019,0
https://facebook.com/537,0
https://facebook.com/43665,0
https://wikipedia.org/32724,0
https://wikipedia.org/36454,0
https://amazon.com/23526,0
https://apple.com/16099,0
https://apple.com/19851,0
https://google.com/11087,0
https://github.com/19818,0
https://amazon.com/37139,0
https://stackoverflow.com/33159,0
https://wikipedia.org/24881,0
https://stackoverflow.com/40354,0
https://wikipedia.org/20367,0
https://microsoft.com/13556,0
https://apple.com/5320,0
https://apple.com/9567,0
https://stackoverflow.com/19978,0
https://wikipedia.org/36066,0
https://apple.com/39295,0
https://amazon.com/23594,0
https://microsoft.com/22943,0
https://microsoft.com/20821,0
https://microsoft.com/34024,0
https://stackoverflow.com/22803,0
https://google.com/33358,0
https://wikipedia.org/41898,0
https://google.com/20033,0
https://facebook.com/31355,0
https://github.com/31988,0
https://wikipedia.org/42042,0
https://facebook.com/5582,0
https://wikipedia.org/9732,0
https://facebook.com/19480,0
https://google.com/47568,0
https://github.com/34206,0
https://apple.com/3965,0
https://facebook.com/16227,0
https://amazon.com/45666,0
https://microsoft.com/38285,0
https://apple.com/10860,0
https://facebook.com/10544,0
https://github.com/48994,0
https://amazon.com/4228,0
https://apple.com/29688,0
https://google.com/37038,0
https://facebook.com/36786,0
https://wikipedia.org/32168,0
https://stackoverflow.com/4713,0
https://stackoverflow.com/165,0
https://amazon.com/36771,0
https://github.com/48497,0
https://microsoft.com/30348,0
https://github.com/23749,0
https://github.com/45905,0
https://google.com/5358,0
https://stackoverflow.com/13187,0
https://microsoft.com/5193,0
https://microsoft.com/40986,0
https://microsoft.com/12311,0
https://amazon.com/40658,0
https://apple.com/49696,0
https://stackoverflow.com/23208,0
https://apple.com/9318,0
https://apple.com/40743,0
https://apple.com/43078,0
https://facebook.com/10825,0
https://google.com/35703,0
https://wikipedia.org/46514,0
https://microsoft.com/15878,0
https://microsoft.com/15118,0
https://wikipedia.org/18162,0
https://github.com/9082,0
https://microsoft.com/11622,0
https://wikipedia.org/43961,0
https://facebook.com/29223,0
https://google.com/7116,0
https://github.com/30871,0
https://wikipedia.org/6700,0
https://amazon.com/44164,0
https://stackoverflow.com/26886,0
https://google.com/40553,0
https://amazon.com/25292,0
https://google.com/4328,0
https://microsoft.com/28676,0
https://stackoverflow.com/3697,0
https://amazon.com/45768,0
https://facebook.com/20947,0
https://apple.com/47420,0
https://facebook.com/32834,0
https://apple.com/46856,0
https://wikipedia.org/30110,0
https://facebook.com/127,0
https://stackoverflow.com/25105,0
https://stackoverflow.com/23937,0
https://github.com/11940,0
https://microsoft.com/19594,0
https://google.com/29436,0
https://wikipedia.org/13511,0
https://microsoft.com/40612,0
https://amazon.com/30145,0
https://apple.com/1685,0
https://wikipedia.org/15714,0
https://google.com/3942,0
https://microsoft.com/766,0
https://apple.com/18751,0
https://google.com/39336,0
https://apple.com/19205,0
https://facebook.com/341,0
https://google.com/4974,0
https://facebook.com/28446,0
https://github.com/8517,0
https://amazon.com/8201,0
https://apple.com/29417,0
https://amazon.com/21991,0
https://wikipedia.org/44883,0
https://stackoverflow.com/720,0
https://wikipedia.org/4680,0
https://google.com/30359,0
https://wikipedia.org/1347,0
https://facebook.com/21162,0
https://github.com/37477,0
https://microsoft.com/46518,0
https://google.com/36273,0
https://amazon.com/38771,0
https://microsoft.com/20560,0
https://google.com/1171,0
https://facebook.com/27650,0
https://microsoft.com/14577,0
https://facebook.com/30463,0
https://stackoverflow.com/13613,0
https://stackoverflow.com/35873,0
https://stackoverflow.com/17929,0
https://google.com/41627,0
https://wikipedia.org/45558,0
https://microsoft.com/44397,0
https://microsoft.com/13483,0
https://stackoverflow.com/35194,0
https://apple.com/31372,0
https://amazon.com/41125,0
https://github.com/784,0
https://amazon.com/43285,0
https://amazon.com/14453,0
https://apple.com/21050,0
https://wikipedia.org/41141,0
https://apple.com/42818,0
https://stackoverflow.com/38759,0
https://facebook.com/974,0
https://apple.com/32226,0
https://stackoverflow.com/24298,0
https://github.com/34746,0
https://facebook.com/44446,0
https://facebook.com/27358,0
https://facebook.com/19314,0
https://github.com/14783,0
https://google.com/41280,0
https://wikipedia.org/24939,0
https://microsoft.com/22406,0
https://facebook.com/19750,0
https://apple.com/47951,0
https://stackoverflow.com/30077,0
https://stackoverflow.com/47636,0
https://apple.com/29343,0
https://apple.com/6209,0
https://stackoverflow.com/49730,0
https://google.com/12613,0
https://wikipedia.org/21878,0
https://facebook.com/47059,0
https://wikipedia.org/3848,0
https://apple.com/46938,0
https://apple.com/38972,0
https://facebook.com/13462,0
https://wikipedia.org/15519,0
https://github.com/32898,0
https://github.com/24163,0
https://microsoft.com/13329,0
https://apple.com/22479,0
https://amazon.com/44065,0
https://apple.com/45471,0
https://wikipedia.org/42506,0
https://apple.com/49575,0
https://stackoverflow.com/29660,0
https://stackoverflow.com/5687,0
https://github.com/27269,0
https://google.com/33413,0
https://facebook.com/21856,0
https://amazon.com/13535,0
https://facebook.com/2080,0
https://apple.com/1872,0
https://microsoft.com/47540,0
https://apple.com/18159,0
https://wikipedia.org/18176,0
https://github.com/40210,0
https://facebook.com/14439,0
https://wikipedia.org/7516,0
https://wikipedia.org/14149,0
https://apple.com/347,0
https://google.com/48650,0
https://amazon.com/3760,0
https://wikipedia.org/28368,0
https://microsoft.com/20819,0
https://microsoft.com/20333,0
https://stackoverflow.com/16640,0
https://wikipedia.org/8897,0
https://facebook.com/15964,0
https://amazon.com/14412,0
https://stackoverflow.com/27261,0
https://facebook.com/30129,0
https://microsoft.com/42452,0
https://amazon.com/22511,0
https://stackoverflow.com/35335,0
https://stackoverflow.com/16770,0
https://stackoverflow.com/23640,0
https://facebook.com/16894,0
https://github.com/8419,0
https://microsoft.com/2480,0
https://amazon.com/15455,0
https://apple.com/10430,0
https://wikipedia.org/24070,0
https://amazon.com/32314,0
https://facebook.com/34955,0
https://github.com/39881,0
https://google.com/15625,0
https://google.com/35269,0
https://facebook.com/11087,0
https://apple.com/3883,0
https://wikipedia.org/9974,0
https://apple.com/6794,0
https://apple.com/26828,0
https://github.com/25957,0
https://facebook.com/23269,0
https://facebook.com/28118,0
https://microsoft.com/24830,0
https://microsoft.com/27924,0
https://facebook.com/23874,0
https://google.com/25740,0
https://github.com/40571,0
https://facebook.com/19356,0
https://google.com/15459,0
https://github.com/49363,0
https://apple.com/43962,0
https://microsoft.com/30717,0
https://apple.com/1405,0
https://microsoft.com/15064,0
https://facebook.com/29522,0
https://microsoft.com/16301,0
https://github.com/12524,0
https://wikipedia.org/23737,0
https://wikipedia.org/26242,0
https://wikipedia.org/9580,0
https://facebook.com/36967,0
https://facebook.com/29406,0
https://stackoverflow.com/42347,0
https://apple.com/36651,0
https://wikipedia.org/23938,0
https://microsoft.com/38745,0
https://github.com/6895,0
https://google.com/29359,0
https://facebook.com/9735,0
https://stackoverflow.com/42551,0
https://apple.com/19957,0
https://wikipedia.org/47513,0
https://microsoft.com/27529,0
https://google.com/21209,0
https://stackoverflow.com/8582,0
https://apple.com/18078,0
https://google.com/16128,0
https://apple.com/43562,0
https://amazon.com/36015,0
https://microsoft.com/46280,0
https://facebook.com/41062,0
https://microsoft.com/26157,0
https://wikipedia.org/14828,0
https://apple.com/16398,0
https://google.com/49639,0
https://amazon.com/31603,0
https://apple.com/45355,0
https://google.com/40289,0
https://amazon.com/11555,0
https://microsoft.com/14075,0
https://wikipedia.org/20601,0
https://microsoft.com/35632,0
https://facebook.com/43739,0
https://wikipedia.org/28654,0
https://github.com/35672,0
https://github.com/3841,0
https://apple.com/42980,0
https://github.com/27622,0
https://google.com/37329,0
https://facebook.com/3099,0
https://wikipedia.org/18672,0
https://github.com/43825,0
https://amazon.com/11099,0
https://apple.com/7620,0
https://stackoverflow.com/19930,0
https://apple.com/36816,0
https://amazon.com/19977,0
https://wikipedia.org/40791,0
https://apple.com/27817,0
https://wikipedia.org/19812,0
https://amazon.com/25445,0
https://stackoverflow.com/39913,0
https://wikipedia.org/6171,0
https://apple.com/46261,0
https://stackoverflow.com/23158,0
https://microsoft.com/6226,0
https://wikipedia.org/3874,0
https://wikipedia.org/16793,0
https://amazon.com/5883,0
https://microsoft.com/31160,0
https://wikipedia.org/14301,0
https://apple.com/6781,0
https://microsoft.com/43386,0
https://facebook.com/7266,0
https://apple.com/20549,0
https://stackoverflow.com/32337,0
https://github.com/46006,0
https://wikipedia.org/25287,0
https://microsoft.com/38460,0
https://microsoft.com/43890,0
https://google.com/32560,0
https://microsoft.com/18457,0
https://apple.com/10500,0
https://microsoft.com/11252,0
https://microsoft.com/44100,0
https://amazon.com/34626,0
https://apple.com/24745,0
https://amazon.com/6034,0
https://github.com/14938,0
https://google.com/45776,0
https://wikipedia.org/45576,0
https://apple.com/48126,0
https://microsoft.com/5507,0
https://microsoft.com/29393,0
https://microsoft.com/47221,0
https://github.com/48565,0
https://github.com/23385,0
https://github.com/951,0
https://google.com/49155,0
https://facebook.com/7510,0
https://facebook.com/49344,0
https://microsoft.com/33605,0
https://facebook.com/5218,0
https://facebook.com/30828,0
https://facebook.com/21874,0
https://wikipedia.org/49825,0
https://stackoverflow.com/36403,0
https://amazon.com/19879,0
https://wikipedia.org/49390,0
https://stackoverflow.com/19390,0
https://github.com/32464,0
https://stackoverflow.com/29595,0
https://apple.com/42899,0
https://stackoverflow.com/600,0
https://github.com/23599,0
https://github.com/17780,0
https://stackoverflow.com/47489,0
https://amazon.com/46297,0
https://microsoft.com/45846,0
https://facebook.com/18983,0
https://amazon.com/2354,0
https://wikipedia.org/22212,0
https://amazon.com/14226,0
https://apple.com/49851,0
https://github.com/32601,0
https://google.com/45286,0
https://github.com/36645,0
https://stackoverflow.com/30563,0
https://amazon.com/16093,0
https://amazon.com/32458,0
https://google.com/6006,0
https://wikipedia.org/7303,0
https://github.com/24916,0
https://microsoft.com/48613,0
https://apple.com/28806,0
https://amazon.com/9197,0
https://github.com/26629,0
https://google.com/44300,0
https://microsoft.com/47892,0
https://facebook.com/23733,0
https://amazon.com/48978,0
https://microsoft.com/9873,0
https://amazon.com/32277,0
https://microsoft.com/6780,0
https://apple.com/12791,0
https://github.com/34006,0
https://apple.com/49222,0
https://microsoft.com/15863,0
https://google.com/24897,0
https://microsoft.com/16333,0
https://amazon.com/6709,0
https://github.com/40561,0
https://github.com/18566,0
https://stackoverflow.com/13941,0
https://amazon.com/3641,0
https://microsoft.com/45159,0
https://microsoft.com/35313,0
https://github.com/14645,0
https://microsoft.com/30027,0
https://wikipedia.org/28076,0
https://facebook.com/18528,0
https://github.com/46374,0
https://stackoverflow.com/32509,0
https://microsoft.com/13890,0
https://amazon.com/37704,0
https://amazon.com/14134,0
https://facebook.com/22856,0
https://google.com/15380,0
https://apple.com/28353,0
https://facebook.com/49262,0
https://apple.com/43615,0
https://stackoverflow.com/46731,0
https://apple.com/48051,0
https://microsoft.com/36687,0
https://microsoft.com/28265,0
https://wikipedia.org/11992,0
https://stackoverflow.com/34527,0
https://apple.com/16289,0
https://google.com/1906,0
https://microsoft.com/24378,0
https://google.com/3413,0
https://facebook.com/41846,0
https://google.com/14840,0
https://amazon.com/31683,0
https://microsoft.com/4945,0
https://apple.com/39685,0
https://amazon.com/43518,0
https://wikipedia.org/19715,0
https://github.com/15120,0
https://amazon.com/24527,0
https://amazon.com/10175,0
https://github.com/11024,0
https://google.com/17576,0
https://stackoverflow.com/43142,0
https://amazon.com/12334,0
https://facebook.com/29855,0
https://google.com/33920,0
https://apple.com/8701,0
https://wikipedia.org/32911,0
https://github.com/48640,0
https://facebook.com/16335,0
https://google.com/21247,0
https://facebook.com/7258,0
https://microsoft.com/2224,0
https://apple.com/26764,0
https://amazon.com/35832,0
https://amazon.com/31194,0
https://stackoverflow.com/37292,0
https://wikipedia.org/5479,0
https://apple.com/6463,0
https://google.com/25945,0
https://stackoverflow.com/39159,0
https://github.com/16132,0
https://google.com/29300,0
https://microsoft.com/37697,0
https://stackoverflow.com/8828,0
https://facebook.com/6793,0
https://stackoverflow.com/20765,0
https://facebook.com/27823,0
https://wikipedia.org/41816,0
https://google.com/295,0
https://facebook.com/32722,0
https://amazon.com/32480,0
https://apple.com/22070,0
https://facebook.com/14244,0
https://google.com/38044,0
https://amazon.com/2274,0
https://google.com/16189,0
https://google.com/38741,0
https://apple.com/32129,0
https://amazon.com/36769,0
https://microsoft.com/39632,0
https://google.com/24191,0
https://google.com/11639,0
https://github.com/38540,0
https://amazon.com/42733,0
https://apple.com/26412,0
https://github.com/7727,0
https://apple.com/35390,0
https://google.com/12005,0
https://wikipedia.org/43005,0
https://microsoft.com/38941,0
https://amazon.com/12000,0
https://facebook.com/36554,0
https://google.com/3994,0
https://google.com/28281,0
https://microsoft.com/22153,0
https://facebook.com/45853,0
https://facebook.com/38107,0
https://facebook.com/34162,0
https://google.com/26556,0
https://github.com/40585,0
https://apple.com/41870,0
https://stackoverflow.com/20124,0
https://github.com/11011,0
https://facebook.com/45616,0
https://google.com/41529,0
https://amazon.com/34991,0
https://microsoft.com/5148,0
https://github.com/16622,0
https://microsoft.com/32639,0
https://amazon.com/1787,0
https://stackoverflow.com/29425,0
https://wikipedia.org/38779,0
https://facebook.com/23274,0
https://github.com/7931,0
https://wikipedia.org/33870,0
https://facebook.com/42544,0
https://apple.com/26868,0
https://apple.com/19988,0
https://stackoverflow.com/8229,0
https://stackoverflow.com/5032,0
https://microsoft.com/35239,0
https://microsoft.com/29699,0
https://wikipedia.org/21367,0
https://github.com/22792,0
https://amazon.com/35214,0
https://facebook.com/42484,0
https://amazon.com/8368,0
https://google.com/33333,0
https://facebook.com/21155,0
https://google.com/48517,0
https://amazon.com/34726,0
https://github.com/16960,0
https://stackoverflow.com/46612,0
https://amazon.com/43739,0
https://apple.com/15598,0
https://google.com/48595,0
https://stackoverflow.com/29825,0
https://apple.com/48351,0
https://apple.com/32108,0
https://github.com/12339,0
https://facebook.com/31136,0
https://google.com/9559,0
https://amazon.com/39780,0
https://apple.com/38463,0
https://google.com/43317,0
https://stackoverflow.com/566,0
https://stackoverflow.com/45654,0
https://wikipedia.org/49660,0
https://google.com/8053,0
https://apple.com/28052,0
https://google.com/25201,0
https://wikipedia.org/11576,0
https://wikipedia.org/29347,0
https://github.com/44487,0
https://apple.com/2515,0
https://amazon.com/30480,0
https://apple.com/17886,0
https://google.com/17226,0
https://github.com/20309,0
https://microsoft.com/25894,0
https://google.com/38974,0
https://amazon.com/1319,0
https://stackoverflow.com/41005,0
https://stackoverflow.com/39180,0
https://stackoverflow.com/13213,0
https://stackoverflow.com/433,0
https://facebook.com/14128,0
https://apple.com/30434,0
https://stackoverflow.com/42194,0
https://microsoft.com/20536,0
https://github.com/35761,0
https://facebook.com/2534,0
https://stackoverflow.com/11751,0
https://wikipedia.org/42841,0
https://microsoft.com/36794,0
https://github.com/35958,0
https://microsoft.com/27460,0
https://apple.com/43145,0
https://wikipedia.org/1286,0
https://github.com/3441,0
https://apple.com/22308,0
https://apple.com/34627,0
https://wikipedia.org/27174,0
https://github.com/25660,0
https://microsoft.com/21303,0
https://wikipedia.org/33954,0
https://stackoverflow.com/16377,0
https://amazon.com/29980,0
https://amazon.com/43690,0
https://github.com/6512,0
https://github.com/19839,0
https://stackoverflow.com/19532,0
https://amazon.com/4785,0
https://amazon.com/18714,0
https://microsoft.com/9421,0
https://microsoft.com/4234,0
https://stackoverflow.com/4620,0
https://microsoft.com/40621,0
https://amazon.com/28749,0
https://facebook.com/6726,0
https://stackoverflow.com/19730,0
https://amazon.com/47004,0
https://facebook.com/13555,0
https://amazon.com/17286,0
https://google.com/30195,0
https://stackoverflow.com/38109,0
https://github.com/44305,0
https://google.com/25553,0
https://wikipedia.org/20606,0
https://apple.com/18979,0
https://stackoverflow.com/46098,0
https://github.com/19777,0
https://microsoft.com/35580,0
https://amazon.com/9084,0
https://github.com/3385,0
https://amazon.com/33695,0
https://amazon.com/1889,0
https://facebook.com/415,0
https://microsoft.com/46653,0
https://google.com/24285,0
https://amazon.com/49357,0
https://wikipedia.org/11198,0
https://google.com/24674,0
https://apple.com/34962,0
https://github.com/34687,0
https://wikipedia.org/11292,0
https://google.com/2752,0
https://google.com/13338,0
https://stackoverflow.com/12491,0
https://google.com/3865,0
https://google.com/46832,0
https://wikipedia.org/46710,0
https://apple.com/30951,0
https://microsoft.com/42360,0
https://github.com/4307,0
https://stackoverflow.com/350,0
https://wikipedia.org/4523,0
https://amazon.com/10728,0
https://microsoft.com/9936,0
https://google.com/20733,0
https://wikipedia.org/24236,0
https://microsoft.com/35634,0
https://apple.com/29070,0
https://amazon.com/42890,0
https://github.com/31426,0
https://google.com/25572,0
https://facebook.com/1734,0
https://apple.com/1646,0
https://facebook.com/37575,0
https://facebook.com/28009,0
https://wikipedia.org/34471,0
https://google.com/3564,0
https://amazon.com/31439,0
https://facebook.com/1370,0
https://amazon.com/33165,0
https://wikipedia.org/39138,0
https://facebook.com/48076,0
https://facebook.com/33642,0
https://stackoverflow.com/20705,0
https://apple.com/3891,0
https://github.com/14502,0
https://stackoverflow.com/5103,0
https://amazon.com/46819,0
https://apple.com/2568,0
https://apple.com/49871,0
https://amazon.com/38175,0
https://github.com/24720,0
https://facebook.com/11877,0
https://apple.com/32395,0
https://wikipedia.org/41144,0
https://microsoft.com/19690,0
https://github.com/44081,0
https://google.com/44172,0
https://github.com/11324,0
https://wikipedia.org/11415,0
https://amazon.com/42064,0
https://amazon.com/28186,0
https://amazon.com/552,0
https://amazon.com/5553,0
https://microsoft.com/34996,0
https://apple.com/2402,0
https://amazon.com/38120,0
https://microsoft.com/35807,0
https://apple.com/29769,0
https://stackoverflow.com/2140,0
https://google.com/940,0
https://wikipedia.org/747,0
https://google.com/41543,0
https://stackoverflow.com/8745,0
https://google.com/39670,0
https://facebook.com/8091,0
https://apple.com/10398,0
https://apple.com/14255,0
https://stackoverflow.com/28559,0
https://apple.com/20725,0
https://microsoft.com/44061,0
https://stackoverflow.com/2076,0
https://apple.com/15191,0
https://stackoverflow.com/20746,0
https://amazon.com/1178,0
https://microsoft.com/44231,0
https://facebook.com/41165,0
https://microsoft.com/39732,0
https://facebook.com/10740,0
https://stackoverflow.com/32,0
https://github.com/48119,0
https://microsoft.com/4336,0
https://google.com/5320,0
https://apple.com/1618,0
https://microsoft.com/39958,0
https://wikipedia.org/15164,0
https://amazon.com/6106,0
https://facebook.com/33247,0
https://stackoverflow.com/32951,0
https://microsoft.com/35425,0
https://apple.com/43729,0
https://microsoft.com/17292,0
https://wikipedia.org/32092,0
https://amazon.com/35344,0
https://microsoft.com/3282,0
https://facebook.com/17655,0
https://facebook.com/4469,0
https://apple.com/17706,0
https://microsoft.com/24861,0
https://google.com/5527,0
https://google.com/46554,0
https://stackoverflow.com/2781,0
https://amazon.com/15375,0
https://wikipedia.org/34897,0
https://apple.com/2865,0
https://google.com/32609,0
https://amazon.com/22192,0
https://facebook.com/2306,0
https://amazon.com/7571,0
https://google.com/2805,0
https://apple.com/1291,0
https://facebook.com/29176,0
https://wikipedia.org/33089,0
https://microsoft.com/7793,0
https://facebook.com/46626,0
https://google.com/30316,0
https://google.com/18844,0
https://microsoft.com/40483,0
https://apple.com/41770,0
https://apple.com/31016,0
https://stackoverflow.com/22595,0
https://wikipedia.org/33694,0
https://amazon.com/42921,0
https://apple.com/44583,0
https://stackoverflow.com/27268,0
https://stackoverflow.com/35673,0
https://amazon.com/41658,0
https://amazon.com/3227,0
https://facebook.com/38316,0
https://microsoft.com/39193,0
https://apple.com/8918,0
https://amazon.com/20740,0
https://microsoft.com/36254,0
https://microsoft.com/42389,0
https://github.com/28208,0
https://github.com/10383,0
https://google.com/37299,0
https://facebook.com/48436,0
https://github.com/45306,0
https://amazon.com/46441,0
https://wikipedia.org/12163,0
https://github.com/21581,0
https://google.com/31826,0
https://wikipedia.org/12324,0
https://google.com/32258,0
https://stackoverflow.com/854,0
https://google.com/12408,0
https://facebook.com/45099,0
https://stackoverflow.com/38498,0
https://facebook.com/24153,0
https://amazon.com/12256,0
https://github.com/37068,0
https://amazon.com/1244,0
https://microsoft.com/40452,0
https://amazon.com/36475,0
https://facebook.com/38036,0
https://apple.com/6055,0
https://facebook.com/30256,0
https://microsoft.com/39501,0
https://amazon.com/36217,0
https://google.com/43370,0
https://github.com/26084,0
https://stackoverflow.com/44313,0
https://amazon.com/17928,0
https://stackoverflow.com/40140,0
https://facebook.com/12049,0
https://microsoft.com/2894,0
https://stackoverflow.com/29816,0
https://stackoverflow.com/42077,0
https://google.com/31962,0
https://github.com/3331,0
https://google.com/48381,0
https://google.com/15444,0
https://google.com/8155,0
https://apple.com/31037,0
https://google.com/10347,0
https://microsoft.com/37680,0
https://google.com/5792,0
https://google.com/11529,0
https://apple.com/30279,0
https://facebook.com/21897,0
https://amazon.com/14525,0
https://apple.com/700,0
https://google.com/12628,0
https://amazon.com/11054,0
https://amazon.com/9560,0
https://facebook.com/27453,0
https://google.com/19043,0
https://google.com/14100,0
https://wikipedia.org/11192,0
https://google.com/8576,0
https://wikipedia.org/376,0
https://facebook.com/11813,0
https://amazon.com/18274,0
https://github.com/48556,0
https://google.com/14401,0
https://stackoverflow.com/1314,0
https://amazon.com/23025,0
https://apple.com/1786,0
https://amazon.com/31744,0
https://google.com/866,0
https://wikipedia.org/45585,0
https://microsoft.com/1785,0
https://microsoft.com/5570,0
https://facebook.com/15221,0
https://apple.com/42562,0
https://apple.com/49030,0
https://microsoft.com/29449,0
https://amazon.com/36825,0
https://wikipedia.org/2346,0
https://facebook.com/9424,0
https://microsoft.com/39429,0
https://stackoverflow.com/19550,0
https://stackoverflow.com/36914,0
https://amazon.com/6705,0
https://apple.com/35690,0
https://google.com/30843,0
https://github.com/19928,0
https://facebook.com/48865,0
https://wikipedia.org/43014,0
https://microsoft.com/16425,0
https://wikipedia.org/34970,0
https://google.com/13055,0
https://wikipedia.org/22098,0
https://apple.com/41174,0
https://stackoverflow.com/46804,0
https://github.com/3335,0
https://google.com/2458,0
https://stackoverflow.com/27772,0
https://facebook.com/36775,0
https://wikipedia.org/20596,0
https://google.com/49529,0
https://amazon.com/49283,0
https://facebook.com/46652,0
https://github.com/12017,0
https://facebook.com/28030,0
https://github.com/28675,0
https://stackoverflow.com/35062,0
https://apple.com/38965,0
https://stackoverflow.com/33929,0
https://microsoft.com/19653,0
https://wikipedia.org/10212,0
https://apple.com/24710,0
https://apple.com/42735,0
https://apple.com/28183,0
https://github.com/46862,0
https://microsoft.com/9818,0
https://google.com/3829,0
https://github.com/35089,0
https://amazon.com/32725,0
https://amazon.com/26953,0
https://facebook.com/589,0
https://microsoft.com/28916,0
https://amazon.com/20673,0
https://github.com/9756,0
https://stackoverflow.com/10820,0
https://apple.com/3312,0
https://stackoverflow.com/12974,0
https://stackoverflow.com/17083,0
https://microsoft.com/38715,0
https://wikipedia.org/49076,0
https://apple.com/30008,0
https://amazon.com/2523,0
https://wikipedia.org/7553,0
https://amazon.com/49700,0
https://amazon.com/31968,0
https://stackoverflow.com/35015,0
https://wikipedia.org/45367,0
https://microsoft.com/5792,0
https://wikipedia.org/40130,0
https://facebook.com/13987,0
https://apple.com/16880,0
https://google.com/32521,0
https://github.com/47216,0
https://microsoft.com/33684,0
https://microsoft.com/1633,0
https://apple.com/32360,0
https://microsoft.com/18604,0
https://github.com/17982,0
https://apple.com/41014,0
https://apple.com/19354,0
https://github.com/4733,0
https://amazon.com/1093,0
https://microsoft.com/42197,0
https://apple.com/31506,0
https://microsoft.com/39393,0
https://microsoft.com/37544,0
https://apple.com/8639,0
https://github.com/1255,0
https://google.com/23171,0
https://apple.com/35867,0
https://facebook.com/29566,0
https://facebook.com/17415,0
https://facebook.com/12778,0
https://apple.com/1646,0
https://github.com/40002,0
https://amazon.com/45096,0
https://apple.com/2594,0
https://apple.com/6239,0
https://stackoverflow.com/43707,0
https://github.com/19954,0
https://apple.com/32231,0
https://wikipedia.org/9761,0
https://facebook.com/32758,0
https://google.com/23260,0
https://facebook.com/40487,0
https://facebook.com/49587,0
https://facebook.com/19852,0
https://microsoft.com/9058,0
https://stackoverflow.com/1786,0
https://wikipedia.org/1192,0
https://github.com/23557,0
https://amazon.com/45855,0
https://facebook.com/18552,0
https://facebook.com/12215,0
https://google.com/23995,0
https://microsoft.com/6784,0
https://amazon.com/32288,0
https://stackoverflow.com/33682,0
https://apple.com/40609,0
https://google.com/44783,0
https://wikipedia.org/34924,0
https://apple.com/19043,0
https://facebook.com/5828,0
https://google.com/12696,0
https://stackoverflow.com/11367,0
https://microsoft.com/15697,0
https://stackoverflow.com/33945,0
https://stackoverflow.com/39235,0
https://stackoverflow.com/46995,0
https://facebook.com/27694,0
https://wikipedia.org/6100,0
https://stackoverflow.com/23112,0
https://amazon.com/11104,0
https://amazon.com/47133,0
https://facebook.com/11743,0
https://amazon.com/31524,0
https://google.com/4887,0
https://microsoft.com/25346,0
https://stackoverflow.com/10742,0
https://apple.com/32083,0
https://google.com/33819,0
https://microsoft.com/42058,0
https://apple.com/5499,0
https://microsoft.com/21172,0
https://facebook.com/31465,0
https://amazon.com/11021,0
https://stackoverflow.com/38211,0
https://github.com/2305,0
https://stackoverflow.com/33505,0
https://microsoft.com/1731,0
https://stackoverflow.com/6781,0
https://stackoverflow.com/33604,0
https://apple.com/6928,0
https://google.com/46868,0
https://apple.com/21650,0
https://microsoft.com/10514,0
https://stackoverflow.com/29336,0
https://microsoft.com/47755,0
https://stackoverflow.com/43689,0
https://github.com/9885,0
https://apple.com/20752,0
https://amazon.com/23921,0
https://facebook.com/15801,0
https://github.com/37891,0
https://amazon.com/6618,0
https://facebook.com/13398,0
https://github.com/26908,0
https://amazon.com/23712,0
https://apple.com/26367,0
https://facebook.com/47135,0
https://wikipedia.org/40173,0
https://microsoft.com/9906,0
https://github.com/33724,0
https://apple.com/9758,0
https://amazon.com/29445,0
https://amazon.com/18441,0
https://amazon.com/12667,0
https://amazon.com/10569,0
https://facebook.com/1175,0
https://facebook.com/12936,0
https://apple.com/13772,0
https://amazon.com/11570,0
https://google.com/13253,0
https://apple.com/13813,0
https://github.com/404,0
https://amazon.com/37380,0
https://amazon.com/16630,0
https://facebook.com/3115,0
https://stackoverflow.com/26528,0
https://wikipedia.org/16433,0
https://amazon.com/48849,0
https://apple.com/37089,0
https://microsoft.com/10355,0
https://github.com/45911,0
https://stackoverflow.com/13295,0
https://google.com/16649,0
https://wikipedia.org/23322,0
https://apple.com/32947,0
https://wikipedia.org/2452,0
https://stackoverflow.com/46352,0
https://github.com/19665,0
http://bank-verification1852.com,1
http://urgent-action-needed3242.com,1
http://update-info-required9248.com,1
http://secure-login-update372.com,1
http://paypal-security-alert938.com,1
http://free-gift9232.com,1
http://urgent-action-needed4209.com,1
http://claim-prize7562.com,1
http://free-gift6048.com,1
http://urgent-action-needed4767.com,1
http://free-gift4100.com,1
http://paypal-security-alert5915.com,1
http://verify-account2305.com,1
http://free-gift9385.com,1
http://update-info-required4992.com,1
http://reset-password-now7267.com,1
http://reset-password-now6786.com,1
http://free-gift5322.com,1
http://free-gift3490.com,1
http://update-info-required118.com,1
http://free-gift8647.com,1
http://bank-verification2972.com,1
http://update-info-required2894.com,1
http://verify-account6729.com,1
http://claim-prize5536.com,1
http://urgent-action-needed4586.com,1
http://secure-login-update8097.com,1
http://paypal-security-alert7962.com,1
http://free-gift4908.com,1
http://reset-password-now8927.com,1
http://secure-login-update2894.com,1
http://reset-password-now9121.com,1
http://paypal-security-alert671.com,1
http://reset-password-now2617.com,1
http://urgent-action-needed9157.com,1
http://claim-prize6833.com,1
http://lottery-winner7188.com,1
http://bank-verification1100.com,1
http://update-info-required6397.com,1
http://claim-prize6607.com,1
http://paypal-security-alert4131.com,1
http://reset-password-now3664.com,1
http://urgent-action-needed8710.com,1
http://secure-login-update9918.com,1
http://secure-login-update8849.com,1
http://reset-password-now4643.com,1
http://reset-password-now3666.com,1
http://reset-password-now3876.com,1
http://verify-account5182.com,1
http://paypal-security-alert4450.com,1
http://bank-verification8009.com,1
http://free-gift4924.com,1
http://verify-account1883.com,1
http://verify-account6082.com,1
http://secure-login-update1721.com,1
http://bank-verification6302.com,1
http://verify-account5697.com,1
http://lottery-winner3252.com,1
http://verify-account3487.com,1
http://urgent-action-needed4541.com,1
http://urgent-action-needed35.com,1
http://reset-password-now6090.com,1
http://update-info-required4704.com,1
http://urgent-action-needed2872.com,1
http://paypal-security-alert8628.com,1
http://secure-login-update5205.com,1
http://lottery-winner1234.com,1
http://bank-verification9027.com,1
http://reset-password-now2102.com,1
http://update-info-required9108.com,1
http://lottery-winner7052.com,1
http://bank-verification332.com,1
http://verify-account7505.com,1
http://free-gift9046.com,1
http://verify-account8987.com,1
http://urgent-action-needed2233.com,1
http://lottery-winner7280.com,1
http://paypal-security-alert5793.com,1
http://free-gift8256.com,1
http://secure-login-update8030.com,1
http://free-gift6853.com,1
http://reset-password-now9426.com,1
http://reset-password-now2329.com,1
http://reset-password-now2045.com,1
http://reset-password-now5222.com,1
http://lottery-winner1563.com,1
http://free-gift8138.com,1
http://free-gift1456.com,1
http://lottery-winner391.com,1
http://lottery-winner2471.com,1
http://urgent-action-needed4345.com,1
http://secure-login-update4825.com,1
http://update-info-required5010.com,1
http://secure-login-update663.com,1
http://claim-prize803.com,1
http://update-info-required1914.com,1
http://paypal-security-alert5119.com,1
http://paypal-security-alert9709.com,1
http://lottery-winner4774.com,1
http://urgent-action-needed8404.com,1
http://reset-password-now4899.com,1
http://lottery-winner7895.com,1
http://verify-account9711.com,1
http://reset-password-now2212.com,1
http://secure-login-update8451.com,1
http://paypal-security-alert7970.com,1
http://urgent-action-needed8477.com,1
http://claim-prize5316.com,1
http://reset-password-now2711.com,1
http://urgent-action-needed9603.com,1
http://update-info-required190.com,1
http://update-info-required228.com,1
http://free-gift1855.com,1
http://lottery-winner4699.com,1
http://bank-verification8125.com,1
http://paypal-security-alert6335.com,1
http://secure-login-update9683.com,1
http://paypal-security-alert7565.com,1
http://verify-account7779.com,1
http://paypal-security-alert4360.com,1
http://update-info-required806.com,1
http://reset-password-now5057.com,1
http://claim-prize9471.com,1
http://bank-verification7945.com,1
http://urgent-action-needed8940.com,1
http://free-gift1647.com,1
http://paypal-security-alert5143.com,1
http://verify-account5917.com,1
http://paypal-security-alert2463.com,1
http://update-info-required7441.com,1
http://reset-password-now717.com,1
http://paypal-security-alert8807.com,1
http://secure-login-update834.com,1
http://lottery-winner1700.com,1
http://bank-verification3144.com,1
http://urgent-action-needed6658.com,1
http://bank-verification3539.com,1
http://verify-account7904.com,1
http://verify-account4927.com,1
http://free-gift2077.com,1
http://urgent-action-needed3612.com,1
http://secure-login-update7263.com,1
http://lottery-winner6230.com,1
http://lottery-winner8839.com,1
http://free-gift2144.com,1
http://bank-verification1771.com,1
http://free-gift4040.com,1
http://verify-account1018.com,1
http://free-gift7243.com,1
http://claim-prize477.com,1
http://secure-login-update4577.com,1
http://claim-prize5977.com,1
http://secure-login-update6571.com,1
http://bank-verification9738.com,1
http://free-gift5825.com,1
http://paypal-security-alert3903.com,1
http://paypal-security-alert6967.com,1
http://claim-prize2299.com,1
http://free-gift6485.com,1
http://lottery-winner220.com,1
http://bank-verification9237.com,1
http://update-info-required8282.com,1
http://bank-verification8888.com,1
http://claim-prize94.com,1
http://paypal-security-alert119.com,1
http://secure-login-update6367.com,1
http://paypal-security-alert6639.com,1
http://lottery-winner7680.com,1
http://verify-account8891.com,1
http://claim-prize9005.com,1
http://update-info-required6475.com,1
http://claim-prize1447.com,1
http://urgent-action-needed4717.com,1
http://reset-password-now7935.com,1
http://lottery-winner5690.com,1
http://claim-prize643.com,1
http://bank-verification256.com,1
http://claim-prize6030.com,1
http://bank-verification4428.com,1
http://secure-login-update8651.com,1
http://bank-verification2689.com,1
http://secure-login-update2548.com,1
http://lottery-winner4686.com,1
http://bank-verification6904.com,1
http://claim-prize749.com,1
http://secure-login-update8455.com,1
http://bank-verification2680.com,1
http://urgent-action-needed661.com,1
http://bank-verification1903.com,1
http://verify-account4472.com,1
http://update-info-required823.com,1
http://secure-login-update9456.com,1
http://paypal-security-alert9577.com,1
http://lottery-winner9190.com,1
http://update-info-required6560.com,1
http://update-info-required2970.com,1
http://free-gift5915.com,1
http://reset-password-now5576.com,1
http://urgent-action-needed5580.com,1
http://update-info-required1786.com,1
http://bank-verification2671.com,1
http://bank-verification7311.com,1
http://secure-login-update5807.com,1
http://secure-login-update1100.com,1
http://claim-prize4700.com,1
http://free-gift7110.com,1
http://update-info-required7743.com,1
http://claim-prize1232.com,1
http://update-info-required8884.com,1
http://verify-account6307.com,1
http://update-info-required7223.com,1
http://verify-account2212.com,1
http://secure-login-update5471.com,1
http://reset-password-now7074.com,1
http://reset-password-now3548.com,1
http://update-info-required4617.com,1
http://lottery-winner4642.com,1
http://claim-prize5404.com,1
http://reset-password-now6502.com,1
http://urgent-action-needed1858.com,1
http://update-info-required6410.com,1
http://lottery-winner617.com,1
http://paypal-security-alert832.com,1
http://secure-login-update3154.com,1
http://secure-login-update2463.com,1
http://verify-account2853.com,1
http://reset-password-now7692.com,1
http://claim-prize7931.com,1
http://paypal-security-alert8618.com,1
http://paypal-security-alert2349.com,1
http://paypal-security-alert5512.com,1
http://claim-prize8570.com,1
http://free-gift4319.com,1
http://paypal-security-alert7917.com,1
http://claim-prize1722.com,1
http://paypal-security-alert204.com,1
http://update-info-required9478.com,1
http://paypal-security-alert2988.com,1
http://reset-password-now1573.com,1
http://lottery-winner7655.com,1
http://urgent-action-needed400.com,1
http://urgent-action-needed2373.com,1
http://bank-verification8486.com,1
http://free-gift9977.com,1
http://lottery-winner7073.com,1
http://bank-verification35.com,1
http://reset-password-now5548.com,1
http://bank-verification9091.com,1
http://verify-account3167.com,1
http://urgent-action-needed847.com,1
http://lottery-winner2295.com,1
http://lottery-winner9636.com,1
http://verify-account9364.com,1
http://claim-prize704.com,1
http://update-info-required9930.com,1
http://bank-verification4609.com,1
http://lottery-winner1662.com,1
http://urgent-action-needed2453.com,1
http://reset-password-now3149.com,1
http://claim-prize6765.com,1
http://reset-password-now100.com,1
http://secure-login-update6665.com,1
http://claim-prize7393.com,1
http://verify-account6002.com,1
http://paypal-security-alert5426.com,1
http://lottery-winner999.com,1
http://paypal-security-alert2196.com,1
http://reset-password-now2143.com,1
http://paypal-security-alert8179.com,1
http://verify-account5590.com,1
http://bank-verification2839.com,1
http://urgent-action-needed2301.com,1
http://urgent-action-needed9882.com,1
http://paypal-security-alert1430.com,1
http://urgent-action-needed6958.com,1
http://lottery-winner5478.com,1
http://update-info-required1384.com,1
http://claim-prize7209.com,1
http://lottery-winner9789.com,1
http://paypal-security-alert409.com,1
http://bank-verification5888.com,1
http://claim-prize5661.com,1
http://verify-account9995.com,1
http://lottery-winner4843.com,1
http://reset-password-now4529.com,1
http://bank-verification8083.com,1
http://lottery-winner3958.com,1
http://free-gift5743.com,1
http://reset-password-now3743.com,1
http://update-info-required9769.com,1
http://urgent-action-needed7817.com,1
http://paypal-security-alert4556.com,1
http://update-info-required1916.com,1
http://verify-account5853.com,1
http://secure-login-update1585.com,1
http://lottery-winner2276.com,1
http://urgent-action-needed8853.com,1
http://claim-prize8052.com,1
http://claim-prize2049.com,1
http://urgent-action-needed4899.com,1
http://urgent-action-needed2768.com,1
http://paypal-security-alert1886.com,1
http://update-info-required120.com,1
http://free-gift5402.com,1
http://free-gift7264.com,1
http://update-info-required3881.com,1
http://paypal-security-alert6475.com,1
http://secure-login-update2158.com,1
http://secure-login-update6140.com,1
http://claim-prize9076.com,1
http://lottery-winner2970.com,1
http://secure-login-update9058.com,1
http://free-gift4981.com,1
http://paypal-security-alert7607.com,1
http://claim-prize5305.com,1
http://update-info-required3305.com,1
http://claim-prize9761.com,1
http://urgent-action-needed4980.com,1
http://urgent-action-needed3645.com,1
http://update-info-required5281.com,1
http://secure-login-update9502.com,1
http://secure-login-update1667.com,1
http://lottery-winner6840.com,1
http://verify-account1781.com,1
http://secure-login-update7077.com,1
http://paypal-security-alert6797.com,1
http://secure-login-update1094.com,1
http://bank-verification1299.com,1
http://claim-prize1936.com,1
http://update-info-required3198.com,1
http://urgent-action-needed9886.com,1
http://claim-prize3515.com,1
http://paypal-security-alert3988.com,1
http://lottery-winner2876.com,1
http://free-gift7673.com,1
http://paypal-security-alert6239.com,1
http://lottery-winner2404.com,1
http://reset-password-now3057.com,1
http://update-info-required8398.com,1
http://bank-verification3615.com,1
http://verify-account3587.com,1
http://verify-account176.com,1
http://free-gift8462.com,1
http://reset-password-now4267.com,1
http://update-info-required7570.com,1
http://lottery-winner4219.com,1
http://paypal-security-alert9751.com,1
http://bank-verification6621.com,1
http://lottery-winner7288.com,1
http://paypal-security-alert6502.com,1
http://secure-login-update1092.com,1
http://verify-account5575.com,1
http://verify-account2534.com,1
http://verify-account7069.com,1
http://free-gift3830.com,1
http://verify-account6146.com,1
http://secure-login-update9845.com,1
http://verify-account3464.com,1
http://paypal-security-alert5812.com,1
http://paypal-security-alert1151.com,1
http://paypal-security-alert4515.com,1
http://update-info-required7450.com,1
http://claim-prize3569.com,1
http://update-info-required2717.com,1
http://paypal-security-alert30.com,1
http://claim-prize6569.com,1
http://urgent-action-needed8697.com,1
http://bank-verification9826.com,1
http://bank-verification2556.com,1
http://free-gift3982.com,1
http://lottery-winner31.com,1
http://lottery-winner2363.com,1
http://paypal-security-alert5484.com,1
http://claim-prize8138.com,1
http://reset-password-now1398.com,1
http://urgent-action-needed3357.com,1
http://free-gift5939.com,1
http://bank-verification2713.com,1
http://verify-account2078.com,1
http://update-info-required2246.com,1
http://bank-verification895.com,1
http://urgent-action-needed8577.com,1
http://reset-password-now3081.com,1
http://verify-account5424.com,1
http://verify-account9309.com,1
http://free-gift6059.com,1
http://secure-login-update5633.com,1
http://urgent-action-needed9950.com,1
http://free-gift3658.com,1
http://paypal-security-alert6288.com,1
http://free-gift884.com,1
http://claim-prize6577.com,1
http://lottery-winner6948.com,1
http://lottery-winner6125.com,1
http://secure-login-update625.com,1
http://reset-password-now3400.com,1
http://bank-verification5197.com,1
http://lottery-winner4409.com,1
http://claim-prize2205.com,1
http://claim-prize3697.com,1
http://free-gift6589.com,1
http://claim-prize2110.com,1
http://free-gift5318.com,1
http://paypal-security-alert360.com,1
http://update-info-required5660.com,1
http://free-gift4667.com,1
http://lottery-winner553.com,1
http://lottery-winner1360.com,1
http://lottery-winner438.com,1
http://reset-password-now3043.com,1
http://claim-prize2191.com,1
http://update-info-required4707.com,1
http://paypal-security-alert409.com,1
http://free-gift4914.com,1
http://lottery-winner4056.com,1
http://lottery-winner5151.com,1
http://update-info-required4669.com,1
http://bank-verification9551.com,1
http://urgent-action-needed1513.com,1
http://secure-login-update6757.com,1
http://paypal-security-alert2203.com,1
http://paypal-security-alert3518.com,1
http://verify-account1119.com,1
http://secure-login-update7852.com,1
http://paypal-security-alert3635.com,1
http://reset-password-now2893.com,1
http://secure-login-update3219.com,1
http://reset-password-now579.com,1
http://claim-prize7670.com,1
http://verify-account8071.com,1
http://free-gift8499.com,1
http://verify-account8580.com,1
http://urgent-action-needed4707.com,1
http://lottery-winner5690.com,1
http://lottery-winner6986.com,1
http://claim-prize2117.com,1
http://update-info-required9936.com,1
http://bank-verification3198.com,1
http://reset-password-now7637.com,1
http://bank-verification1050.com,1
http://update-info-required2120.com,1
http://reset-password-now149.com,1
http://urgent-action-needed9801.com,1
http://paypal-security-alert2601.com,1
http://lottery-winner8849.com,1
http://lottery-winner3303.com,1
http://secure-login-update7730.com,1
http://verify-account2994.com,1
http://update-info-required4266.com,1
http://claim-prize9037.com,1
http://verify-account4845.com,1
http://update-info-required1078.com,1
http://reset-password-now1814.com,1
http://reset-password-now111.com,1
http://secure-login-update5157.com,1
http://free-gift7192.com,1
http://urgent-action-needed6329.com,1
http://claim-prize4210.com,1
http://update-info-required4812.com,1
http://lottery-winner7807.com,1
http://bank-verification1778.com,1
http://verify-account661.com,1
http://verify-account3017.com,1
http://verify-account9421.com,1
http://verify-account3959.com,1
http://update-info-required4050.com,1
http://reset-password-now9501.com,1
http://verify-account6484.com,1
http://claim-prize3489.com,1
http://secure-login-update9229.com,1
http://reset-password-now7621.com,1
http://paypal-security-alert3090.com,1
http://secure-login-update7871.com,1
http://update-info-required2100.com,1
http://update-info-required5305.com,1
http://paypal-security-alert1409.com,1
http://urgent-action-needed5079.com,1
http://free-gift2496.com,1
http://secure-login-update9248.com,1
http://secure-login-update7054.com,1
http://paypal-security-alert8625.com,1
http://claim-prize2795.com,1
http://verify-account2368.com,1
http://update-info-required8594.com,1
http://secure-login-update8560.com,1
http://urgent-action-needed8835.com,1
http://secure-login-update7571.com,1
http://bank-verification3334.com,1
http://reset-password-now2195.com,1
http://verify-account2243.com,1
http://secure-login-update1724.com,1
http://lottery-winner6196.com,1
http://claim-prize9764.com,1
http://update-info-required5424.com,1
http://lottery-winner9052.com,1
http://paypal-security-alert5286.com,1
http://bank-verification3944.com,1
http://urgent-action-needed4878.com,1
http://bank-verification3340.com,1
http://lottery-winner3338.com,1
http://reset-password-now8394.com,1
http://verify-account3863.com,1
http://lottery-winner5002.com,1
http://verify-account4370.com,1
http://reset-password-now7682.com,1
http://free-gift2396.com,1
http://paypal-security-alert9373.com,1
http://paypal-security-alert3785.com,1
http://secure-login-update736.com,1
http://update-info-required8947.com,1
http://paypal-security-alert9233.com,1
http://bank-verification1561.com,1
http://paypal-security-alert9403.com,1
http://secure-login-update5279.com,1
http://paypal-security-alert1131.com,1
http://secure-login-update8570.com,1
http://reset-password-now5236.com,1
http://bank-verification9551.com,1
http://urgent-action-needed5603.com,1
http://reset-password-now8889.com,1
http://claim-prize9845.com,1
http://paypal-security-alert6019.com,1
http://bank-verification8399.com,1
http://claim-prize3298.com,1
http://secure-login-update9424.com,1
http://secure-login-update2235.com,1
http://urgent-action-needed5950.com,1
http://paypal-security-alert6598.com,1
http://verify-account5374.com,1
http://verify-account4430.com,1
http://verify-account664.com,1
http://secure-login-update5357.com,1
http://lottery-winner86.com,1
http://free-gift2953.com,1
http://bank-verification8778.com,1
http://update-info-required6373.com,1
http://secure-login-update5973.com,1
http://free-gift1385.com,1
http://lottery-winner5616.com,1
http://paypal-security-alert9455.com,1
http://paypal-security-alert2178.com,1
http://free-gift7025.com,1
http://lottery-winner4799.com,1
http://paypal-security-alert482.com,1
http://urgent-action-needed7265.com,1
http://verify-account9941.com,1
http://update-info-required280.com,1
http://verify-account4903.com,1
http://paypal-security-alert4684.com,1
http://bank-verification8932.com,1
http://reset-password-now3929.com,1
http://urgent-action-needed5533.com,1
http://secure-login-update4725.com,1
http://claim-prize2263.com,1
http://reset-password-now3429.com,1
http://reset-password-now1997.com,1
http://paypal-security-alert9003.com,1
http://free-gift4476.com,1
http://reset-password-now7251.com,1
http://claim-prize6500.com,1
http://lottery-winner479.com,1
http://reset-password-now9161.com,1
http://verify-account6081.com,1
http://paypal-security-alert6679.com,1
http://bank-verification2355.com,1
http://claim-prize8762.com,1
http://verify-account2695.com,1
http://reset-password-now9417.com,1
http://claim-prize8173.com,1
http://reset-password-now6837.com,1
http://paypal-security-alert9693.com,1
http://free-gift3400.com,1
http://bank-verification7981.com,1
http://update-info-required6364.com,1
http://reset-password-now3489.com,1
http://verify-account5677.com,1
http://reset-password-now228.com,1
http://lottery-winner4474.com,1
http://bank-verification7685.com,1
http://update-info-required8872.com,1
http://paypal-security-alert4938.com,1
http://claim-prize7031.com,1
http://free-gift3724.com,1
http://urgent-action-needed3293.com,1
http://reset-password-now9918.com,1
http://update-info-required3497.com,1
http://paypal-security-alert1518.com,1
http://reset-password-now3227.com,1
http://claim-prize4283.com,1
http://secure-login-update2584.com,1
http://paypal-security-alert7014.com,1
http://secure-login-update3583.com,1
http://lottery-winner703.com,1
http://reset-password-now6188.com,1
http://reset-password-now7451.com,1
http://verify-account371.com,1
http://paypal-security-alert9880.com,1
http://bank-verification6911.com,1
http://urgent-action-needed5206.com,1
http://reset-password-now2933.com,1
http://lottery-winner1361.com,1
http://lottery-winner862.com,1
http://paypal-security-alert9979.com,1
http://urgent-action-needed4879.com,1
http://reset-password-now6796.com,1
http://free-gift872.com,1
http://lottery-winner6821.com,1
http://update-info-required2855.com,1
http://secure-login-update2453.com,1
http://update-info-required6618.com,1
http://bank-verification665.com,1
http://lottery-winner3418.com,1
http://lottery-winner9014.com,1
http://lottery-winner5694.com,1
http://urgent-action-needed9515.com,1
http://bank-verification2248.com,1
http://secure-login-update2470.com,1
http://claim-prize4950.com,1
http://free-gift8070.com,1
http://reset-password-now1738.com,1
http://bank-verification4247.com,1
http://secure-login-update2012.com,1
http://bank-verification3706.com,1
http://secure-login-update8077.com,1
http://claim-prize8003.com,1
http://bank-verification8157.com,1
http://paypal-security-alert4818.com,1
http://verify-account226.com,1
http://update-info-required4775.com,1
http://secure-login-update9220.com,1
http://claim-prize1637.com,1
http://lottery-winner2367.com,1
http://free-gift577.com,1
http://lottery-winner9697.com,1
http://claim-prize7824.com,1
http://bank-verification9670.com,1
http://secure-login-update7222.com,1
http://urgent-action-needed8059.com,1
http://urgent-action-needed1243.com,1
http://claim-prize121.com,1
http://verify-account6424.com,1
http://paypal-security-alert2121.com,1
http://urgent-action-needed2618.com,1
http://lottery-winner4262.com,1
http://secure-login-update6887.com,1
http://update-info-required7090.com,1
http://secure-login-update8680.com,1
http://update-info-required9491.com,1
http://bank-verification3732.com,1
http://claim-prize6679.com,1
http://bank-verification1672.com,1
http://urgent-action-needed631.com,1
http://paypal-security-alert3590.com,1
http://update-info-required2317.com,1
http://secure-login-update1899.com,1
http://update-info-required1056.com,1
http://update-info-required6449.com,1
http://verify-account5789.com,1
http://secure-login-update7630.com,1
http://bank-verification6645.com,1
http://bank-verification5091.com,1
http://verify-account822.com,1
http://reset-password-now6792.com,1
http://update-info-required6171.com,1
http://lottery-winner709.com,1
http://bank-verification2094.com,1
http://urgent-action-needed7333.com,1
http://reset-password-now58.com,1
http://claim-prize3746.com,1
http://verify-account3760.com,1
http://paypal-security-alert2489.com,1
http://reset-password-now8104.com,1
http://reset-password-now4629.com,1
http://lottery-winner6609.com,1
http://lottery-winner4374.com,1
http://secure-login-update9980.com,1
http://claim-prize6754.com,1
http://verify-account6318.com,1
http://update-info-required2600.com,1
http://free-gift3927.com,1
http://urgent-action-needed474.com,1
http://lottery-winner2420.com,1
http://urgent-action-needed8551.com,1
http://reset-password-now7855.com,1
http://update-info-required4479.com,1
http://lottery-winner2988.com,1
http://verify-account7003.com,1
http://update-info-required6188.com,1
http://paypal-security-alert3377.com,1
http://paypal-security-alert3606.com,1
http://reset-password-now3650.com,1
http://bank-verification9018.com,1
http://lottery-winner2657.com,1
http://paypal-security-alert3432.com,1
http://verify-account9732.com,1
http://bank-verification1080.com,1
http://bank-verification7798.com,1
http://paypal-security-alert8136.com,1
http://paypal-security-alert3659.com,1
http://reset-password-now5594.com,1
http://paypal-security-alert1356.com,1
http://free-gift2963.com,1
http://reset-password-now712.com,1
http://verify-account2718.com,1
http://update-info-required3102.com,1
http://lottery-winner3132.com,1
http://free-gift9173.com,1
http://urgent-action-needed1758.com,1
http://secure-login-update4196.com,1
http://paypal-security-alert4220.com,1
http://reset-password-now7893.com,1
http://lottery-winner7190.com,1
http://bank-verification2607.com,1
http://secure-login-update9232.com,1
http://bank-verification6262.com,1
http://verify-account4202.com,1
http://verify-account2605.com,1
http://urgent-action-needed6291.com,1
http://verify-account4008.com,1
http://reset-password-now4930.com,1
http://reset-password-now6594.com,1
http://verify-account7737.com,1
http://lottery-winner8288.com,1
http://urgent-action-needed7663.com,1
http://bank-verification2520.com,1
http://reset-password-now207.com,1
http://lottery-winner4003.com,1
http://paypal-security-alert1573.com,1
http://free-gift9795.com,1
http://secure-login-update6153.com,1
http://reset-password-now5503.com,1
http://verify-account7585.com,1
http://update-info-required5233.com,1
http://update-info-required6476.com,1
http://urgent-action-needed7672.com,1
http://urgent-action-needed7832.com,1
http://secure-login-update6781.com,1
http://lottery-winner6405.com,1
http://paypal-security-alert4604.com,1
http://secure-login-update2621.com,1
http://lottery-winner4297.com,1
http://update-info-required919.com,1
http://free-gift4549.com,1
http://reset-password-now2570.com,1
http://claim-prize3447.com,1
http://update-info-required8113.com,1
http://verify-account7906.com,1
http://lottery-winner7351.com,1
http://update-info-required4349.com,1
http://claim-prize2203.com,1
http://secure-login-update7642.com,1
http://urgent-action-needed6626.com,1
http://bank-verification7690.com,1
http://verify-account974.com,1
http://secure-login-update9088.com,1
http://urgent-action-needed5729.com,1
http://paypal-security-alert277.com,1
http://urgent-action-needed3970.com,1
http://bank-verification5712.com,1
http://bank-verification6493.com,1
http://update-info-required4998.com,1
http://urgent-action-needed8931.com,1
http://claim-prize1417.com,1
http://reset-password-now4799.com,1
http://reset-password-now3345.com,1
http://update-info-required1036.com,1
http://urgent-action-needed356.com,1
http://urgent-action-needed4388.com,1
http://update-info-required7089.com,1
http://free-gift9187.com,1
http://update-info-required8362.com,1
http://free-gift2619.com,1
http://update-info-required9904.com,1
http://bank-verification421.com,1
http://verify-account2603.com,1
http://lottery-winner7371.com,1
http://verify-account3365.com,1
http://verify-account5128.com,1
http://reset-password-now1258.com,1
http://free-gift9231.com,1
http://verify-account5979.com,1
http://free-gift5103.com,1
http://free-gift7543.com,1
http://update-info-required4381.com,1
http://update-info-required7890.com,1
http://bank-verification4654.com,1
http://secure-login-update5990.com,1
http://update-info-required6920.com,1
http://paypal-security-alert1540.com,1
http://lottery-winner9948.com,1
http://claim-prize6271.com,1
http://lottery-winner1172.com,1
http://lottery-winner6111.com,1
http://lottery-winner2370.com,1
http://lottery-winner1509.com,1
http://claim-prize5171.com,1
http://free-gift2759.com,1
http://lottery-winner7580.com,1
http://urgent-action-needed8481.com,1
http://urgent-action-needed6254.com,1
http://verify-account5004.com,1
http://urgent-action-needed9961.com,1
http://reset-password-now3920.com,1
http://lottery-winner8520.com,1
http://reset-password-now9292.com,1
http://secure-login-update6533.com,1
http://free-gift9337.com,1
http://free-gift1363.com,1
http://secure-login-update1842.com,1
http://update-info-required7719.com,1
http://lottery-winner6274.com,1
http://reset-password-now7117.com,1
http://verify-account4362.com,1
http://claim-prize8536.com,1
http://paypal-security-alert560.com,1
http://secure-login-update9474.com,1
http://update-info-required8732.com,1
http://claim-prize2127.com,1
http://verify-account3824.com,1
http://paypal-security-alert7912.com,1
http://lottery-winner2527.com,1
http://reset-password-now8477.com,1
http://bank-verification4305.com,1
http://verify-account5344.com,1
http://claim-prize4564.com,1
http://secure-login-update7954.com,1
http://free-gift4722.com,1
http://free-gift1247.com,1
http://free-gift907.com,1
http://reset-password-now3728.com,1
http://free-gift8404.com,1
http://bank-verification4975.com,1
http://paypal-security-alert9465.com,1
http://free-gift3962.com,1
http://secure-login-update8777.com,1
http://update-info-required8652.com,1
http://reset-password-now7261.com,1
http://lottery-winner1490.com,1
http://verify-account7865.com,1
http://urgent-action-needed287.com,1
http://reset-password-now8313.com,1
http://secure-login-update2059.com,1
http://urgent-action-needed8864.com,1
http://urgent-action-needed1228.com,1
http://paypal-security-alert171.com,1
http://claim-prize1544.com,1
http://free-gift6297.com,1
http://urgent-action-needed1586.com,1
http://claim-prize6723.com,1
http://urgent-action-needed4571.com,1
http://free-gift5157.com,1
http://claim-prize7540.com,1
http://update-info-required9526.com,1
http://reset-password-now6609.com,1
http://claim-prize8933.com,1
http://verify-account9121.com,1
http://update-info-required4761.com,1
http://paypal-security-alert3881.com,1
http://verify-account5042.com,1
http://claim-prize862.com,1
http://bank-verification759.com,1
http://lottery-winner8207.com,1
http://reset-password-now2887.com,1
http://update-info-required3304.com,1
http://free-gift3248.com,1
http://update-info-required5927.com,1
http://secure-login-update6301.com,1
http://claim-prize2073.com,1
http://reset-password-now5242.com,1
http://free-gift4299.com,1
http://urgent-action-needed5178.com,1
http://reset-password-now9219.com,1
http://verify-account3043.com,1
http://claim-prize6661.com,1
http://lottery-winner503.com,1
http://free-gift60.com,1
http://claim-prize7532.com,1
http://lottery-winner1532.com,1
http://verify-account4922.com,1
http://urgent-action-needed2962.com,1
http://lottery-winner1874.com,1
http://urgent-action-needed6554.com,1
http://paypal-security-alert4718.com,1
http://verify-account3607.com,1
http://verify-account1114.com,1
http://urgent-action-needed1310.com,1
http://urgent-action-needed9113.com,1
http://bank-verification9079.com,1
http://claim-prize3990.com,1
http://reset-password-now2991.com,1
http://urgent-action-needed9021.com,1
http://claim-prize7121.com,1
http://free-gift7678.com,1
http://bank-verification8645.com,1
http://bank-verification371.com,1
http://reset-password-now2911.com,1
http://secure-login-update9481.com,1
http://bank-verification225.com,1
http://verify-account1875.com,1
http://urgent-action-needed5685.com,1
http://urgent-action-needed1478.com,1
http://free-gift2906.com,1
http://secure-login-update1623.com,1
http://paypal-security-alert6174.com,1
http://paypal-security-alert7252.com,1
http://bank-verification7089.com,1
http://lottery-winner4854.com,1
http://lottery-winner6628.com,1
http://free-gift3415.com,1
http://urgent-action-needed4221.com,1
http://update-info-required4350.com,1
http://update-info-required4714.com,1
http://lottery-winner3693.com,1
http://free-gift3302.com,1
http://free-gift9509.com,1
http://free-gift6837.com,1
http://free-gift4773.com,1
http://paypal-security-alert645.com,1
http://bank-verification4761.com,1
http://bank-verification1163.com,1
http://lottery-winner9388.com,1
http://reset-password-now4679.com,1
http://bank-verification5877.com,1
http://reset-password-now9518.com,1
http://paypal-security-alert3467.com,1
http://lottery-winner8999.com,1
http://secure-login-update6860.com,1
http://verify-account1000.com,1
http://urgent-action-needed6150.com,1
http://reset-password-now2101.com,1
http://claim-prize318.com,1
http://reset-password-now502.com,1
http://free-gift6112.com,1
http://paypal-security-alert4585.com,1
http://bank-verification2165.com,1
http://bank-verification9193.com,1
http://free-gift9607.com,1
http://secure-login-update823.com,1
http://urgent-action-needed2306.com,1
http://urgent-action-needed8020.com,1
http://reset-password-now9993.com,1
http://lottery-winner5331.com,1
http://urgent-action-needed2881.com,1
http://lottery-winner1715.com,1
http://free-gift8783.com,1
http://bank-verification7615.com,1
http://bank-verification9414.com,1
http://free-gift4893.com,1
http://reset-password-now324.com,1
http://update-info-required3642.com,1
http://lottery-winner1900.com,1
http://free-gift9214.com,1
http://free-gift4214.com,1
http://update-info-required2599.com,1
http://bank-verification4887.com,1
http://reset-password-now7971.com,1
http://update-info-required4816.com,1
http://bank-verification607.com,1
http://urgent-action-needed3551.com,1
http://reset-password-now7062.com,1
http://update-info-required8089.com,1
http://paypal-security-alert4454.com,1
http://urgent-action-needed8805.com,1
http://free-gift6861.com,1
http://claim-prize8820.com,1
http://verify-account1526.com,1
http://verify-account2502.com,1
http://free-gift1797.com,1
http://lottery-winner4393.com,1
http://urgent-action-needed2408.com,1
http://secure-login-update1941.com,1
http://paypal-security-alert7927.com,1
http://update-info-required3589.com,1
http://urgent-action-needed9722.com,1
http://lottery-winner8386.com,1
http://urgent-action-needed2332.com,1
http://free-gift8158.com,1
http://free-gift8907.com,1
http://paypal-security-alert3042.com,1
http://update-info-required8154.com,1
http://update-info-required6147.com,1
http://secure-login-update1816.com,1
http://reset-password-now919.com,1
http://secure-login-update8433.com,1
http://urgent-action-needed909.com,1
http://verify-account5636.com,1
http://claim-prize3118.com,1
http://paypal-security-alert5447.com,1
http://lottery-winner3589.com,1
http://urgent-action-needed4689.com,1
http://lottery-winner7938.com,1
http://update-info-required3201.com,1
http://paypal-security-alert6542.com,1
http://paypal-security-alert8917.com,1
http://free-gift795.com,1
http://secure-login-update9616.com,1
http://lottery-winner7896.com,1
http://verify-account8517.com,1
http://reset-password-now8343.com,1
http://claim-prize7680.com,1
http://bank-verification4786.com,1
http://free-gift5607.com,1
http://bank-verification6580.com,1
http://urgent-action-needed5024.com,1
http://secure-login-update8313.com,1
http://verify-account1189.com,1
http://lottery-winner2222.com,1
http://secure-login-update8812.com,1
http://bank-verification9770.com,1
http://claim-prize8411.com,1
http://bank-verification592.com,1
http://free-gift6615.com,1
http://urgent-action-needed7971.com,1
http://bank-verification8104.com,1
http://claim-prize4644.com,1
http://lottery-winner9092.com,1
http://paypal-security-alert4487.com,1
http://verify-account5358.com,1
http://verify-account9674.com,1
http://secure-login-update8843.com,1
http://bank-verification397.com,1
http://update-info-required5278.com,1
http://free-gift9673.com,1
http://update-info-required7065.com,1
http://secure-login-update8973.com,1
http://free-gift5340.com,1
http://urgent-action-needed35.com,1
http://bank-verification8756.com,1
http://lottery-winner2479.com,1
http://reset-password-now2961.com,1
http://claim-prize2373.com,1
http://reset-password-now4621.com,1
http://reset-password-now9672.com,1
http://free-gift8032.com,1
http://reset-password-now4435.com,1
http://free-gift9403.com,1
http://urgent-action-needed6438.com,1
http://bank-verification5776.com,1
http://verify-account8859.com,1
http://bank-verification1952.com,1
http://update-info-required6759.com,1
http://claim-prize3876.com,1
http://lottery-winner3056.com,1
http://reset-password-now1701.com,1
http://reset-password-now74.com,1
http://urgent-action-needed4953.com,1
http://free-gift2711.com,1
http://bank-verification3541.com,1
http://reset-password-now9953.com,1
http://update-info-required9298.com,1
http://bank-verification2848.com,1
http://verify-account2399.com,1
http://reset-password-now3545.com,1
http://update-info-required3152.com,1
http://claim-prize7578.com,1
http://update-info-required2038.com,1
http://update-info-required2936.com,1
http://lottery-winner4520.com,1
http://claim-prize1192.com,1
http://urgent-action-needed4758.com,1
http://urgent-action-needed1727.com,1
http://lottery-winner3459.com,1
http://verify-account1564.com,1
http://secure-login-update4199.com,1
http://lottery-winner6492.com,1
http://claim-prize8839.com,1
http://free-gift1417.com,1
http://update-info-required7316.com,1
http://claim-prize4826.com,1
http://verify-account2016.com,1
http://verify-account807.com,1
http://secure-login-update3995.com,1
http://paypal-security-alert992.com,1
http://claim-prize5894.com,1
http://lottery-winner8415.com,1
http://update-info-required4005.com,1
http://reset-password-now9512.com,1
http://secure-login-update9116.com,1
http://reset-password-now3078.com,1
http://free-gift4222.com,1
http://urgent-action-needed4228.com,1
http://reset-password-now5631.com,1
http://urgent-action-needed2015.com,1
http://bank-verification9530.com,1
http://lottery-winner2474.com,1
http://bank-verification7130.com,1
http://reset-password-now8525.com,1
http://urgent-action-needed6671.com,1
http://free-gift9998.com,1
http://free-gift6071.com,1
http://reset-password-now2057.com,1
http://bank-verification7409.com,1
http://secure-login-update8806.com,1
http://reset-password-now6515.com,1
http://urgent-action-needed4295.com,1
http://secure-login-update9331.com,1
http://free-gift2188.com,1
http://free-gift5738.com,1
http://reset-password-now1462.com,1
http://free-gift3336.com,1
http://lottery-winner2625.com,1
http://lottery-winner9163.com,1
http://reset-password-now9231.com,1
http://update-info-required4679.com,1
http://verify-account8396.com,1
http://verify-account6522.com,1
http://reset-password-now3295.com,1
http://free-gift1629.com,1
http://urgent-action-needed3179.com,1
http://paypal-security-alert7398.com,1
http://verify-account4872.com,1
http://paypal-security-alert2995.com,1
http://bank-verification8305.com,1
http://reset-password-now7739.com,1
http://free-gift5509.com,1
http://verify-account6224.com,1
http://free-gift242.com,1
http://secure-login-update437.com,1
http://paypal-security-alert3821.com,1
http://free-gift2541.com,1
http://paypal-security-alert1073.com,1
http://bank-verification2171.com,1
http://update-info-required9371.com,1
http://lottery-winner2106.com,1
http://claim-prize9324.com,1
http://urgent-action-needed9605.com,1
http://lottery-winner112.com,1
http://urgent-action-needed454.com,1
http://claim-prize2310.com,1
http://paypal-security-alert1765.com,1
http://update-info-required1754.com,1
http://free-gift234.com,1
http://secure-login-update1752.com,1
http://paypal-security-alert6462.com,1
http://paypal-security-alert3734.com,1
http://free-gift8836.com,1
http://verify-account4141.com,1
http://reset-password-now6369.com,1
http://bank-verification8188.com,1
http://secure-login-update693.com,1
http://reset-password-now2484.com,1
http://urgent-action-needed2556.com,1
http://secure-login-update8229.com,1
http://claim-prize3193.com,1
http://update-info-required8627.com,1
http://reset-password-now7994.com,1
http://reset-password-now3193.com,1
http://update-info-required1431.com,1
http://lottery-winner1005.com,1
http://verify-account2203.com,1
http://urgent-action-needed6258.com,1
http://secure-login-update8521.com,1
http://free-gift159.com,1
http://urgent-action-needed2919.com,1
http://lottery-winner1018.com,1
http://lottery-winner1848.com,1
http://claim-prize8525.com,1
http://update-info-required765.com,1
http://free-gift6142.com,1
http://lottery-winner5006.com,1
http://bank-verification8937.com,1
http://lottery-winner8252.com,1
http://urgent-action-needed3376.com,1
http://bank-verification1323.com,1
http://paypal-security-alert4668.com,1
http://secure-login-update6377.com,1
http://urgent-action-needed5745.com,1
http://secure-login-update3297.com,1
http://update-info-required7781.com,1
http://secure-login-update9277.com,1
http://update-info-required1730.com,1
http://paypal-security-alert8382.com,1
http://bank-verification3012.com,1
http://verify-account1240.com,1
http://secure-login-update5547.com,1
http://paypal-security-alert336.com,1
http://verify-account6339.com,1
http://claim-prize2926.com,1
http://secure-login-update4339.com,1
http://claim-prize8476.com,1
http://verify-account4999.com,1
http://verify-account2458.com,1
http://paypal-security-alert375.com,1
http://lottery-winner5062.com,1
http://verify-account3273.com,1
http://bank-verification2076.com,1
http://paypal-security-alert2177.com,1
http://lottery-winner9859.com,1
http://urgent-action-needed3962.com,1
http://bank-verification2446.com,1
http://paypal-security-alert2381.com,1
http://update-info-required8273.com,1
http://claim-prize1288.com,1
http://verify-account9984.com,1
http://lottery-winner7553.com,1
http://bank-verification5370.com,1
http://free-gift5642.com,1
http://paypal-security-alert1885.com,1
http://reset-password-now2503.com,1
http://reset-password-now9361.com,1
http://update-info-required3809.com,1
http://paypal-security-alert1707.com,1
http://lottery-winner9371.com,1
http://paypal-security-alert9144.com,1
http://bank-verification5620.com,1
http://free-gift3698.com,1
http://urgent-action-needed9938.com,1
http://reset-password-now1010.com,1
http://claim-prize8751.com,1
http://bank-verification847.com,1
http://reset-password-now6112.com,1
http://free-gift3885.com,1
http://claim-prize7693.com,1
http://paypal-security-alert2098.com,1
http://reset-password-now1610.com,1
http://lottery-winner1683.com,1
http://update-info-required931.com,1
http://urgent-action-needed9523.com,1
http://urgent-action-needed8289.com,1
http://paypal-security-alert3017.com,1
http://verify-account7243.com,1
http://update-info-required3408.com,1
http://urgent-action-needed9455.com,1
http://bank-verification6506.com,1
http://free-gift6280.com,1
http://bank-verification9381.com,1
http://lottery-winner6146.com,1
http://claim-prize8978.com,1
http://urgent-action-needed6192.com,1
http://free-gift3673.com,1
http://reset-password-now3094.com,1
http://lottery-winner8428.com,1
http://lottery-winner1102.com,1
http://free-gift9683.com,1
http://bank-verification5913.com,1
http://paypal-security-alert6286.com,1
http://claim-prize6622.com,1
http://urgent-action-needed6328.com,1
http://lottery-winner5517.com,1
http://urgent-action-needed4475.com,1
http://claim-prize8580.com,1
http://claim-prize5601.com,1
http://urgent-action-needed9174.com,1
http://urgent-action-needed4524.com,1
http://reset-password-now2824.com,1
http://free-gift5554.com,1
http://reset-password-now5819.com,1
http://update-info-required2091.com,1
http://update-info-required9506.com,1
http://verify-account385.com,1
http://bank-verification2923.com,1
http://bank-verification2846.com,1
http://bank-verification1207.com,1
http://verify-account8001.com,1
http://free-gift7561.com,1
http://bank-verification8167.com,1
http://claim-prize7216.com,1
http://bank-verification6213.com,1
http://reset-password-now7647.com,1
http://free-gift9479.com,1
http://free-gift4561.com,1
http://claim-prize4278.com,1
http://bank-verification5275.com,1
http://lottery-winner4019.com,1
http://reset-password-now8192.com,1
http://paypal-security-alert2934.com,1
http://bank-verification2905.com,1
http://secure-login-update6399.com,1
http://claim-prize6583.com,1
http://free-gift8127.com,1
http://lottery-winner7785.com,1
http://reset-password-now7625.com,1
http://update-info-required7409.com,1
http://paypal-security-alert302.com,1
http://lottery-winner2579.com,1
http://free-gift7316.com,1
http://free-gift1253.com,1
http://reset-password-now1980.com,1
http://verify-account7086.com,1
http://lottery-winner9873.com,1
http://verify-account7054.com,1
http://claim-prize3422.com,1
http://update-info-required8558.com,1
http://lottery-winner6024.com,1
http://update-info-required6485.com,1
http://secure-login-update3582.com,1
http://verify-account520.com,1
http://urgent-action-needed5643.com,1
http://paypal-security-alert1993.com,1
http://update-info-required9090.com,1
http://reset-password-now1028.com,1
http://free-gift3767.com,1
http://bank-verification8746.com,1
http://bank-verification5805.com,1
http://reset-password-now7817.com,1
http://paypal-security-alert5174.com,1
http://claim-prize3021.com,1
http://claim-prize1462.com,1
http://paypal-security-alert8014.com,1
http://bank-verification5053.com,1
http://secure-login-update1143.com,1
http://update-info-required6148.com,1
http://lottery-winner2907.com,1
http://claim-prize1911.com,1
http://reset-password-now3900.com,1
http://verify-account7795.com,1
http://update-info-required9827.com,1
http://verify-account5088.com,1
http://claim-prize2581.com,1
http://free-gift6259.com,1
http://bank-verification5962.com,1
http://update-info-required6278.com,1
http://secure-login-update9828.com,1
http://urgent-action-needed3155.com,1
http://claim-prize1933.com,1
http://secure-login-update5097.com,1
http://bank-verification7084.com,1
http://free-gift7862.com,1
http://update-info-required8566.com,1
http://lottery-winner3562.com,1
http://urgent-action-needed718.com,1
http://free-gift9069.com,1
http://bank-verification5550.com,1
http://lottery-winner5354.com,1
http://update-info-required4776.com,1
http://reset-password-now8747.com,1
http://urgent-action-needed3099.com,1
http://free-gift9232.com,1
http://lottery-winner8058.com,1
http://claim-prize7465.com,1
http://urgent-action-needed9968.com,1
http://bank-verification9186.com,1
http://lottery-winner2738.com,1
http://paypal-security-alert362.com,1
http://urgent-action-needed7026.com,1
http://bank-verification8143.com,1
http://claim-prize2488.com,1
http://paypal-security-alert6270.com,1
http://free-gift8474.com,1
http://urgent-action-needed1279.com,1
http://reset-password-now6608.com,1
http://paypal-security-alert7408.com,1
http://bank-verification4512.com,1
http://verify-account883.com,1
http://bank-verification8541.com,1
http://urgent-action-needed4040.com,1
http://lottery-winner7400.com,1
http://urgent-action-needed3667.com,1
http://urgent-action-needed6605.com,1
http://secure-login-update4143.com,1
http://lottery-winner9677.com,1
http://update-info-required8197.com,1
http://bank-verification488.com,1
http://verify-account6802.com,1
http://claim-prize4725.com,1
http://secure-login-update2770.com,1
http://bank-verification540.com,1
http://secure-login-update8463.com,1
http://lottery-winner3781.com,1
http://lottery-winner9810.com,1
http://free-gift5673.com,1
http://reset-password-now7948.com,1
http://reset-password-now4687.com,1
http://free-gift5888.com,1
http://paypal-security-alert5599.com,1
http://paypal-security-alert9749.com,1
http://update-info-required1884.com,1
http://bank-verification3017.com,1
http://free-gift8870.com,1
http://bank-verification8576.com,1
http://bank-verification1557.com,1
http://paypal-security-alert873.com,1
http://free-gift5285.com,1
http://claim-prize2491.com,1
http://secure-login-update9445.com,1
http://claim-prize2190.com,1
http://secure-login-update8662.com,1
http://claim-prize4343.com,1
http://update-info-required7635.com,1
http://free-gift1545.com,1
http://claim-prize6542.com,1
http://free-gift1932.com,1
http://reset-password-now7134.com,1
http://paypal-security-alert5515.com,1
http://bank-verification8481.com,1
http://bank-verification9964.com,1
http://lottery-winner1759.com,1
http://free-gift5230.com,1
http://urgent-action-needed418.com,1
http://paypal-security-alert9125.com,1
http://free-gift9911.com,1
http://urgent-action-needed4953.com,1
http://update-info-required6925.com,1
http://reset-password-now6967.com,1
http://claim-prize4181.com,1
http://lottery-winner1021.com,1
http://lottery-winner4946.com,1
http://paypal-security-alert6342.com,1
http://verify-account3541.com,1
http://urgent-action-needed8296.com,1
http://claim-prize8981.com,1
http://secure-login-update6755.com,1
http://verify-account4340.com,1
http://update-info-required3280.com,1
http://bank-verification7895.com,1
http://paypal-security-alert7733.com,1
http://lottery-winner1974.com,1
http://free-gift5445.com,1
http://bank-verification7836.com,1
http://bank-verification5621.com,1
http://free-gift6558.com,1
http://bank-verification2288.com,1
http://paypal-security-alert267.com,1
http://claim-prize767.com,1
http://update-info-required4308.com,1
http://bank-verification3415.com,1
http://reset-password-now3947.com,1
http://paypal-security-alert9275.com,1
http://paypal-security-alert4572.com,1
http://verify-account2145.com,1
http://urgent-action-needed3842.com,1
http://claim-prize3464.com,1
http://lottery-winner4847.com,1
http://paypal-security-alert3191.com,1
http://update-info-required3352.com,1
http://urgent-action-needed2768.com,1
http://bank-verification5129.com,1
http://claim-prize2330.com,1
http://lottery-winner5970.com,1
http://urgent-action-needed328.com,1
http://secure-login-update3303.com,1
http://urgent-action-needed7287.com,1
http://urgent-action-needed5053.com,1
http://claim-prize7517.com,1
http://lottery-winner7207.com,1
http://claim-prize7997.com,1
http://bank-verification8966.com,1
http://urgent-action-needed3029.com,1
http://lottery-winner8028.com,1
http://reset-password-now9825.com,1
http://paypal-security-alert7513.com,1
http://verify-account9705.com,1
http://free-gift4826.com,1
http://lottery-winner2471.com,1
http://update-info-required115.com,1
http://claim-prize3787.com,1
http://paypal-security-alert5981.com,1
http://secure-login-update1588.com,1
http://update-info-required9280.com,1
http://paypal-security-alert9335.com,1
http://verify-account1839.com,1
http://update-info-required4666.com,1
http://reset-password-now5842.com,1
http://claim-prize1702.com,1
http://bank-verification2080.com,1
http://paypal-security-alert9349.com,1
http://verify-account3473.com,1
http://paypal-security-alert5825.com,1
http://reset-password-now8663.com,1
http://lottery-winner8242.com,1
http://verify-account1523.com,1
http://verify-account4884.com,1
http://free-gift9244.com,1
http://lottery-winner8592.com,1
http://bank-verification296.com,1
http://secure-login-update9635.com,1
http://update-info-required8304.com,1
http://verify-account3491.com,1
http://update-info-required2859.com,1
http://secure-login-update2402.com,1
http://bank-verification6559.com,1
http://update-info-required3838.com,1
http://verify-account4159.com,1
http://free-gift5031.com,1
http://verify-account5220.com,1
http://lottery-winner7852.com,1
http://claim-prize3108.com,1
http://reset-password-now9292.com,1
http://lottery-winner2576.com,1
http://secure-login-update7519.com,1
http://reset-password-now518.com,1
http://verify-account709.com,1
http://claim-prize6017.com,1
http://claim-prize568.com,1
http://verify-account3360.com,1
http://update-info-required5090.com,1
http://free-gift4863.com,1
http://claim-prize2433.com,1
http://paypal-security-alert8459.com,1
http://free-gift4427.com,1
http://verify-account8481.com,1
http://claim-prize8113.com,1
http://urgent-action-needed4779.com,1
http://free-gift200.com,1
http://reset-password-now6943.com,1
http://paypal-security-alert934.com,1
http://urgent-action-needed9486.com,1
http://secure-login-update2763.com,1
http://reset-password-now3644.com,1
http://lottery-winner7599.com,1
http://lottery-winner341.com,1
http://update-info-required7346.com,1
http://free-gift9267.com,1
http://free-gift4064.com,1
http://claim-prize3431.com,1
http://free-gift9471.com,1
http://urgent-action-needed5671.com,1
http://free-gift6700.com,1
http://free-gift2802.com,1
http://free-gift8290.com,1
http://reset-password-now1451.com,1
http://urgent-action-needed8852.com,1
http://urgent-action-needed3873.com,1
http://paypal-security-alert253.com,1
http://paypal-security-alert895.com,1
http://verify-account8522.com,1
http://verify-account325.com,1
http://paypal-security-alert2294.com,1
http://claim-prize8782.com,1
http://secure-login-update4704.com,1
http://urgent-action-needed97.com,1
http://lottery-winner7686.com,1
http://urgent-action-needed2490.com,1
http://urgent-action-needed715.com,1
http://update-info-required2607.com,1
http://lottery-winner8505.com,1
http://lottery-winner4421.com,1
http://reset-password-now7027.com,1
http://verify-account9086.com,1
http://urgent-action-needed7914.com,1
http://claim-prize7747.com,1
http://lottery-winner2672.com,1
http://reset-password-now5296.com,1
http://urgent-action-needed5557.com,1
http://update-info-required8812.com,1
http://urgent-action-needed7443.com,1
http://bank-verification665.com,1
http://urgent-action-needed38.com,1
http://update-info-required3618.com,1
http://update-info-required7319.com,1
http://lottery-winner3532.com,1
http://lottery-winner8242.com,1
http://lottery-winner324.com,1
http://verify-account7043.com,1
http://secure-login-update2581.com,1
http://update-info-required6872.com,1
http://urgent-action-needed9471.com,1
http://paypal-security-alert6838.com,1
http://paypal-security-alert6316.com,1
http://claim-prize554.com,1
http://verify-account9449.com,1
http://update-info-required4942.com,1
http://update-info-required8950.com,1
http://bank-verification7576.com,1
http://urgent-action-needed4656.com,1
http://urgent-action-needed1221.com,1
http://urgent-action-needed7444.com,1
http://free-gift3005.com,1
http://reset-password-now5053.com,1
http://secure-login-update7768.com,1
http://paypal-security-alert957.com,1
http://update-info-required1942.com,1
http://verify-account2596.com,1
http://lottery-winner4924.com,1
http://reset-password-now2491.com,1
http://verify-account8801.com,1
http://free-gift8885.com,1
http://paypal-security-alert6013.com,1
http://secure-login-update7052.com,1
http://reset-password-now6074.com,1
http://free-gift1146.com,1
http://update-info-required6717.com,1
http://bank-verification2534.com,1
http://urgent-action-needed6614.com,1
http://paypal-security-alert8073.com,1
http://secure-login-update3077.com,1
http://reset-password-now7218.com,1
http://lottery-winner8648.com,1
http://bank-verification3140.com,1
http://bank-verification6293.com,1
http://reset-password-now7231.com,1
http://update-info-required8030.com,1
http://reset-password-now6860.com,1
http://reset-password-now1472.com,1
http://verify-account5032.com,1
http://paypal-security-alert4727.com,1
http://paypal-security-alert7641.com,1
http://lottery-winner471.com,1
http://free-gift3354.com,1
http://claim-prize8028.com,1
http://bank-verification8101.com,1
http://lottery-winner4713.com,1
http://urgent-action-needed4644.com,1
http://reset-password-now9318.com,1
http://verify-account3631.com,1
http://claim-prize8856.com,1
http://reset-password-now5666.com,1
http://urgent-action-needed75.com,1
http://bank-verification6722.com,1
http://paypal-security-alert6227.com,1
http://paypal-security-alert8279.com,1
http://secure-login-update1683.com,1
http://verify-account8152.com,1
http://reset-password-now9742.com,1
http://claim-prize6709.com,1
http://secure-login-update2179.com,1
http://secure-login-update5180.com,1
http://claim-prize3116.com,1
http://lottery-winner5282.com,1
http://secure-login-update8541.com,1
http://claim-prize5975.com,1
http://lottery-winner5994.com,1
http://bank-verification8329.com,1
http://update-info-required3238.com,1
http://secure-login-update9313.com,1
http://lottery-winner913.com,1
http://lottery-winner7525.com,1
http://lottery-winner3391.com,1
http://claim-prize4801.com,1
http://claim-prize6988.com,1
http://paypal-security-alert9328.com,1
http://urgent-action-needed1433.com,1
http://bank-verification3193.com,1
http://verify-account9578.com,1
http://urgent-action-needed8486.com,1
http://urgent-action-needed2999.com,1
http://urgent-action-needed7348.com,1
http://paypal-security-alert7363.com,1
http://bank-verification1264.com,1
http://urgent-action-needed7824.com,1
http://reset-password-now1088.com,1
http://paypal-security-alert8858.com,1
http://update-info-required6177.com,1
http://urgent-action-needed8695.com,1
http://lottery-winner5280.com,1
http://claim-prize9266.com,1
http://reset-password-now2252.com,1
http://urgent-action-needed657.com,1
http://reset-password-now660.com,1
http://free-gift8925.com,1
http://secure-login-update6241.com,1
http://free-gift1522.com,1
http://secure-login-update3913.com,1
http://free-gift7249.com,1
http://lottery-winner8435.com,1
http://reset-password-now3590.com,1
http://claim-prize1068.com,1
http://verify-account6277.com,1
http://update-info-required1277.com,1
http://urgent-action-needed8356.com,1
http://claim-prize5226.com,1
http://urgent-action-needed2369.com,1
http://verify-account7072.com,1
http://lottery-winner5115.com,1
http://reset-password-now8717.com,1
http://claim-prize4243.com,1
http://urgent-action-needed7727.com,1
http://free-gift658.com,1
http://reset-password-now3908.com,1
http://free-gift5789.com,1
http://lottery-winner4162.com,1
http://lottery-winner9170.com,1
http://update-info-required3779.com,1
http://paypal-security-alert3324.com,1
http://paypal-security-alert9467.com,1
http://secure-login-update4422.com,1
http://bank-verification5876.com,1
http://verify-account4972.com,1
http://paypal-security-alert5177.com,1
http://lottery-winner7109.com,1
http://urgent-action-needed9593.com,1
http://bank-verification9714.com,1
http://reset-password-now9681.com,1
http://lottery-winner8122.com,1
http://claim-prize9715.com,1
http://urgent-action-needed5142.com,1
http://lottery-winner6643.com,1
http://bank-verification874.com,1
http://reset-password-now1486.com,1
http://claim-prize8669.com,1
http://free-gift7939.com,1
http://reset-password-now4179.com,1
http://update-info-required8560.com,1
http://paypal-security-alert1845.com,1
http://reset-password-now8036.com,1
http://update-info-required2770.com,1
http://urgent-action-needed33.com,1
http://urgent-action-needed7120.com,1
http://free-gift962.com,1
http://claim-prize3035.com,1
http://secure-login-update8825.com,1
http://update-info-required6334.com,1
http://lottery-winner9181.com,1
http://verify-account5183.com,1
http://urgent-action-needed5146.com,1
http://urgent-action-needed9004.com,1
http://update-info-required6312.com,1
http://update-info-required9697.com,1
http://bank-verification5325.com,1
http://urgent-action-needed7202.com,1
http://claim-prize4963.com,1
http://lottery-winner4253.com,1
http://update-info-required4970.com,1
http://reset-password-now5947.com,1
http://claim-prize7763.com,1
http://urgent-action-needed9016.com,1
http://bank-verification298.com,1
http://secure-login-update4239.com,1
http://free-gift2841.com,1
http://claim-prize8444.com,1
http://lottery-winner1800.com,1
http://lottery-winner6299.com,1
http://reset-password-now7661.com,1
http://urgent-action-needed952.com,1
http://verify-account766.com,1
http://reset-password-now2006.com,1
http://bank-verification6968.com,1
http://reset-password-now5315.com,1
http://update-info-required3875.com,1
http://update-info-required4146.com,1
http://verify-account2768.com,1
http://update-info-required880.com,1
http://paypal-security-alert230.com,1
http://update-info-required3650.com,1
http://verify-account1682.com,1
http://verify-account9206.com,1
http://secure-login-update4113.com,1
http://claim-prize6872.com,1
http://secure-login-update5602.com,1
http://bank-verification9488.com,1
http://lottery-winner4359.com,1
http://reset-password-now134.com,1
http://claim-prize8691.com,1
http://reset-password-now8871.com,1
http://urgent-action-needed4189.com,1
http://lottery-winner9491.com,1
http://secure-login-update783.com,1
http://update-info-required7273.com,1
http://reset-password-now8537.com,1
http://lottery-winner2192.com,1
http://claim-prize6882.com,1
http://reset-password-now5815.com,1
http://lottery-winner8108.com,1
http://reset-password-now9747.com,1
http://verify-account5256.com,1
http://secure-login-update480.com,1
http://verify-account2841.com,1
http://secure-login-update5453.com,1
http://free-gift2139.com,1
http://claim-prize9121.com,1
http://urgent-action-needed8409.com,1
http://reset-password-now1509.com,1
http://claim-prize2130.com,1
http://free-gift7881.com,1
http://verify-account9246.com,1
http://urgent-action-needed9729.com,1
http://paypal-security-alert7605.com,1
http://paypal-security-alert9360.com,1
http://paypal-security-alert9276.com,1
http://bank-verification4213.com,1
http://urgent-action-needed8943.com,1
http://claim-prize6311.com,1
http://reset-password-now5910.com,1
http://secure-login-update5713.com,1
http://lottery-winner1350.com,1
http://claim-prize578.com,1
http://claim-prize6606.com,1
http://lottery-winner9522.com,1
http://claim-prize9685.com,1
http://bank-verification5161.com,1
http://reset-password-now6164.com,1
http://update-info-required3558.com,1
http://secure-login-update6549.com,1
http://update-info-required6428.com,1
http://secure-login-update4551.com,1
http://paypal-security-alert4563.com,1
http://paypal-security-alert2236.com,1
http://bank-verification2943.com,1
http://paypal-security-alert4048.com,1
http://reset-password-now4360.com,1
http://bank-verification2584.com,1
http://free-gift1092.com,1
http://secure-login-update7844.com,1
http://claim-prize9473.com,1
http://paypal-security-alert763.com,1
http://lottery-winner7027.com,1
http://paypal-security-alert8552.com,1
http://secure-login-update845.com,1
http://claim-prize6042.com,1
http://paypal-security-alert7641.com,1
http://urgent-action-needed8835.com,1
http://urgent-action-needed7978.com,1
http://bank-verification2961.com,1
http://urgent-action-needed5191.com,1
http://verify-account3723.com,1
http://paypal-security-alert1727.com,1
http://urgent-action-needed4132.com,1
http://reset-password-now9741.com,1
http://bank-verification2310.com,1
http://verify-account3878.com,1
http://urgent-action-needed2614.com,1
http://reset-password-now833.com,1
http://urgent-action-needed2925.com,1
http://free-gift4008.com,1
http://bank-verification1928.com,1
http://verify-account5145.com,1
http://update-info-required6712.com,1
http://secure-login-update2028.com,1
http://update-info-required9256.com,1
http://bank-verification7077.com,1
http://claim-prize406.com,1
http://bank-verification4718.com,1
http://claim-prize9767.com,1
http://urgent-action-needed2689.com,1
http://bank-verification3540.com,1
http://reset-password-now5069.com,1
http://verify-account3889.com,1
http://verify-account7452.com,1
http://free-gift5809.com,1
http://paypal-security-alert8304.com,1
http://secure-login-update8913.com,1
http://reset-password-now3683.com,1
http://urgent-action-needed9634.com,1
http://secure-login-update8978.com,1
http://secure-login-update6421.com,1
http://update-info-required938.com,1
http://claim-prize8026.com,1
http://update-info-required6961.com,1
http://lottery-winner7401.com,1
http://bank-verification5976.com,1
http://reset-password-now7349.com,1
http://lottery-winner7816.com,1
http://bank-verification5074.com,1
http://free-gift5038.com,1
http://claim-prize9150.com,1
http://paypal-security-alert5289.com,1
http://free-gift3955.com,1
http://urgent-action-needed7796.com,1
http://bank-verification2490.com,1
http://free-gift3981.com,1
http://verify-account1237.com,1
http://lottery-winner1549.com,1
http://bank-verification2885.com,1
http://update-info-required961.com,1
http://free-gift8738.com,1
http://bank-verification4329.com,1
http://secure-login-update9738.com,1
http://bank-verification2227.com,1
http://paypal-security-alert5757.com,1
http://urgent-action-needed8804.com,1
http://lottery-winner8267.com,1
http://update-info-required487.com,1
http://verify-account1017.com,1
http://bank-verification4688.com,1
http://lottery-winner428.com,1
http://verify-account923.com,1
http://reset-password-now7406.com,1
http://free-gift6304.com,1
http://lottery-winner9557.com,1
http://update-info-required4252.com,1
http://lottery-winner656.com,1
http://update-info-required7150.com,1
http://bank-verification5594.com,1
http://update-info-required1774.com,1
http://reset-password-now2298.com,1
http://secure-login-update4647.com,1
http://urgent-action-needed381.com,1
http://lottery-winner8616.com,1
http://urgent-action-needed101.com,1
http://claim-prize9979.com,1
http://free-gift4329.com,1
http://verify-account8358.com,1
http://bank-verification9268.com,1
http://paypal-security-alert6318.com,1
http://lottery-winner7644.com,1
http://paypal-security-alert7659.com,1
http://urgent-action-needed6471.com,1
http://lottery-winner2370.com,1
http://lottery-winner5237.com,1
http://update-info-required1699.com,1
http://secure-login-update2129.com,1
http://secure-login-update6967.com,1
http://secure-login-update6012.com,1
http://urgent-action-needed8795.com,1
http://free-gift1023.com,1
http://secure-login-update3770.com,1
http://bank-verification4887.com,1
http://paypal-security-alert1402.com,1
http://urgent-action-needed6048.com,1
http://free-gift1966.com,1
http://lottery-winner3358.com,1
http://bank-verification6158.com,1
http://urgent-action-needed1311.com,1
http://urgent-action-needed4008.com,1
http://update-info-required3455.com,1
http://update-info-required382.com,1
http://claim-prize738.com,1
http://verify-account691.com,1
http://claim-prize8012.com,1
http://claim-prize5803.com,1
http://paypal-security-alert4263.com,1
http://secure-login-update8899.com,1
http://urgent-action-needed8526.com,1
http://update-info-required4725.com,1
http://secure-login-update3715.com,1
http://secure-login-update8035.com,1
http://secure-login-update9970.com,1
http://claim-prize4334.com,1
http://free-gift5206.com,1
http://secure-login-update7456.com,1
http://lottery-winner651.com,1
http://urgent-action-needed7750.com,1
http://update-info-required5139.com,1
http://verify-account7005.com,1
http://claim-prize9282.com,1
http://paypal-security-alert6848.com,1
http://claim-prize8501.com,1
http://update-info-required6190.com,1
http://free-gift1584.com,1
http://claim-prize6834.com,1
http://urgent-action-needed6731.com,1
http://secure-login-update4283.com,1
http://paypal-security-alert2613.com,1
http://paypal-security-alert8786.com,1
http://free-gift2494.com,1
http://update-info-required245.com,1
http://reset-password-now6812.com,1
http://urgent-action-needed9878.com,1
http://free-gift7017.com,1
http://verify-account990.com,1
http://reset-password-now801.com,1
http://paypal-security-alert7040.com,1
http://lottery-winner5786.com,1
http://free-gift983.com,1
http://update-info-required6823.com,1
http://lottery-winner9873.com,1
http://secure-login-update1585.com,1
http://free-gift8819.com,1
http://update-info-required7634.com,1
http://verify-account8550.com,1
http://verify-account9607.com,1
http://lottery-winner7577.com,1
http://update-info-required4163.com,1
http://secure-login-update352.com,1
http://urgent-action-needed1495.com,1
http://update-info-required8767.com,1
http://urgent-action-needed3696.com,1
http://lottery-winner5644.com,1
http://urgent-action-needed9144.com,1
http://claim-prize9604.com,1
http://bank-verification3088.com,1
http://lottery-winner9490.com,1
http://update-info-required4321.com,1
http://claim-prize8649.com,1
http://claim-prize4240.com,1
http://free-gift7335.com,1
http://urgent-action-needed7431.com,1
http://bank-verification6469.com,1
http://update-info-required9764.com,1
http://verify-account7278.com,1
http://paypal-security-alert4521.com,1
http://secure-login-update3503.com,1
http://free-gift913.com,1
http://paypal-security-alert5292.com,1
http://urgent-action-needed5709.com,1
http://lottery-winner6973.com,1
http://free-gift3407.com,1
http://reset-password-now1233.com,1
http://reset-password-now4582.com,1
http://secure-login-update7905.com,1
http://free-gift6391.com,1
http://reset-password-now7367.com,1
http://update-info-required7469.com,1
http://reset-password-now5609.com,1
http://urgent-action-needed637.com,1
http://secure-login-update794.com,1
http://urgent-action-needed65.com,1
http://paypal-security-alert3538.com,1
http://free-gift7708.com,1
http://secure-login-update203.com,1
http://free-gift6098.com,1
http://free-gift511.com,1
http://verify-account6515.com,1
http://update-info-required2226.com,1
http://free-gift1432.com,1
http://paypal-security-alert4990.com,1
http://free-gift2867.com,1
http://verify-account9261.com,1
http://paypal-security-alert9200.com,1
http://free-gift3416.com,1
http://urgent-action-needed8187.com,1
http://bank-verification3110.com,1
http://bank-verification2904.com,1
http://bank-verification9109.com,1
http://bank-verification1942.com,1
http://lottery-winner829.com,1
http://lottery-winner9297.com,1
http://free-gift5062.com,1
http://verify-account7802.com,1
http://verify-account9921.com,1
http://free-gift6860.com,1
http://bank-verification919.com,1
http://claim-prize7065.com,1
http://urgent-action-needed7690.com,1
http://verify-account3820.com,1
http://paypal-security-alert489.com,1
http://urgent-action-needed2947.com,1
http://free-gift3638.com,1
http://bank-verification2229.com,1
http://free-gift3859.com,1
http://reset-password-now6894.com,1
http://reset-password-now5470.com,1
http://bank-verification2953.com,1
http://paypal-security-alert8903.com,1
http://lottery-winner9829.com,1
http://reset-password-now9419.com,1
http://paypal-security-alert7406.com,1
http://lottery-winner9054.com,1
http://bank-verification1638.com,1
http://update-info-required1059.com,1
http://lottery-winner3527.com,1
http://free-gift9637.com,1
http://urgent-action-needed912.com,1
http://verify-account7776.com,1
http://urgent-action-needed4794.com,1
http://update-info-required9034.com,1
http://claim-prize5397.com,1
http://free-gift6909.com,1
http://paypal-security-alert533.com,1
http://free-gift8234.com,1
http://paypal-security-alert6341.com,1
http://free-gift9575.com,1
http://urgent-action-needed3324.com,1
http://lottery-winner6303.com,1
http://urgent-action-needed7718.com,1
http://claim-prize6289.com,1
http://reset-password-now7259.com,1
http://reset-password-now2618.com,1
http://paypal-security-alert6568.com,1
http://lottery-winner5806.com,1
http://verify-account9636.com,1
http://lottery-winner7076.com,1
http://paypal-security-alert784.com,1
http://secure-login-update6764.com,1
http://claim-prize9746.com,1
http://free-gift4649.com,1
http://secure-login-update2163.com,1
http://verify-account6781.com,1
http://claim-prize7632.com,1
http://verify-account7495.com,1
http://secure-login-update9586.com,1
http://paypal-security-alert4420.com,1
http://lottery-winner3125.com,1
http://update-info-required4716.com,1
http://update-info-required4036.com,1
http://verify-account733.com,1
http://free-gift5368.com,1
http://paypal-security-alert2025.com,1
http://bank-verification4991.com,1
http://urgent-action-needed4648.com,1
http://paypal-security-alert601.com,1
http://reset-password-now56.com,1
http://verify-account2716.com,1
http://paypal-security-alert9478.com,1
http://paypal-security-alert344.com,1
http://verify-account3809.com,1
http://claim-prize9180.com,1
http://secure-login-update7849.com,1
http://bank-verification1630.com,1
http://verify-account1093.com,1
http://free-gift4184.com,1
http://urgent-action-needed1718.com,1
http://free-gift5767.com,1
http://verify-account387.com,1
http://paypal-security-alert640.com,1
http://urgent-action-needed3268.com,1
http://secure-login-update7436.com,1
http://secure-login-update9332.com,1
http://paypal-security-alert8282.com,1
http://reset-password-now784.com,1
http://claim-prize2296.com,1
http://secure-login-update3277.com,1
http://bank-verification3468.com,1
http://paypal-security-alert9183.com,1
http://claim-prize8685.com,1
http://update-info-required4592.com,1
http://urgent-action-needed9781.com,1
http://reset-password-now2803.com,1
http://verify-account2208.com,1
http://urgent-action-needed2996.com,1
http://secure-login-update7906.com,1
http://reset-password-now3662.com,1
http://free-gift2315.com,1
http://update-info-required9830.com,1
http://update-info-required5359.com,1
http://urgent-action-needed2335.com,1
http://lottery-winner6782.com,1
http://paypal-security-alert5890.com,1
http://reset-password-now4970.com,1
http://secure-login-update7134.com,1
http://paypal-security-alert2701.com,1
http://update-info-required9287.com,1
http://secure-login-update9105.com,1
http://update-info-required5992.com,1
http://verify-account1471.com,1
http://verify-account3654.com,1
http://urgent-action-needed8251.com,1
http://secure-login-update3210.com,1
http://paypal-security-alert5879.com,1
http://update-info-required5754.com,1
http://verify-account6563.com,1
http://free-gift7686.com,1
http://update-info-required6204.com,1
http://free-gift8696.com,1
http://urgent-action-needed4214.com,1
http://verify-account5761.com,1
http://bank-verification5735.com,1
http://lottery-winner7276.com,1
http://update-info-required6967.com,1
http://free-gift6186.com,1
http://bank-verification8138.com,1
http://reset-password-now2757.com,1
http://free-gift9719.com,1
http://claim-prize3133.com,1
http://bank-verification9167.com,1
http://reset-password-now5071.com,1
http://reset-password-now6861.com,1
http://lottery-winner9314.com,1
http://update-info-required2009.com,1
http://verify-account9376.com,1
http://reset-password-now7533.com,1
http://update-info-required8378.com,1
http://reset-password-now2392.com,1
http://verify-account9203.com,1
http://paypal-security-alert1933.com,1
http://reset-password-now5811.com,1
http://urgent-action-needed4817.com,1
http://verify-account1549.com,1
http://secure-login-update7815.com,1
http://urgent-action-needed4011.com,1
http://secure-login-update3229.com,1
http://urgent-action-needed6031.com,1
http://update-info-required151.com,1
http://verify-account608.com,1
http://lottery-winner8061.com,1
http://bank-verification3581.com,1
http://bank-verification848.com,1
http://reset-password-now6516.com,1
http://lottery-winner662.com,1
http://update-info-required1728.com,1
http://claim-prize3714.com,1
http://lottery-winner4058.com,1
http://claim-prize861.com,1
http://urgent-action-needed2721.com,1
http://secure-login-update6339.com,1
http://update-info-required1174.com,1
http://free-gift7791.com,1
http://claim-prize445.com,1
http://lottery-winner9920.com,1
http://secure-login-update2062.com,1
http://claim-prize8742.com,1
http://reset-password-now2849.com,1
http://reset-password-now472.com,1
http://secure-login-update3045.com,1
http://paypal-security-alert3574.com,1
http://claim-prize8153.com,1
http://paypal-security-alert7862.com,1
http://update-info-required9231.com,1
http://lottery-winner4583.com,1
http://urgent-action-needed2246.com,1
http://verify-account339.com,1
http://update-info-required1464.com,1
http://secure-login-update6537.com,1
http://lottery-winner9736.com,1
http://secure-login-update6352.com,1
http://claim-prize9993.com,1
http://paypal-security-alert955.com,1
http://update-info-required4532.com,1
http://free-gift2583.com,1
http://paypal-security-alert3049.com,1
http://verify-account5294.com,1
http://lottery-winner7057.com,1
http://reset-password-now6741.com,1
http://reset-password-now5263.com,1
http://bank-verification5749.com,1
http://update-info-required281.com,1
http://reset-password-now1493.com,1
http://free-gift1808.com,1
http://lottery-winner7758.com,1
http://reset-password-now2288.com,1
http://secure-login-update1730.com,1
http://paypal-security-alert1674.com,1
http://free-gift631.com,1
http://reset-password-now9022.com,1
http://verify-account8390.com,1
http://claim-prize2756.com,1
http://lottery-winner5402.com,1
http://verify-account1975.com,1
http://paypal-security-alert2587.com,1
http://verify-account3272.com,1
http://verify-account1297.com,1
http://paypal-security-alert8229.com,1
http://reset-password-now6093.com,1
http://urgent-action-needed8712.com,1
http://bank-verification2290.com,1
http://paypal-security-alert9597.com,1
http://bank-verification7829.com,1
http://urgent-action-needed6757.com,1
http://free-gift1405.com,1
http://claim-prize4839.com,1
http://lottery-winner1395.com,1
http://update-info-required3431.com,1
http://secure-login-update3536.com,1
http://paypal-security-alert8931.com,1
http://paypal-security-alert3770.com,1
http://bank-verification6125.com,1
http://reset-password-now3743.com,1
http://lottery-winner2652.com,1
http://urgent-action-needed3216.com,1
http://claim-prize6710.com,1
http://urgent-action-needed9201.com,1
http://free-gift746.com,1
http://lottery-winner6883.com,1
http://update-info-required634.com,1
http://paypal-security-alert5749.com,1
http://secure-login-update9645.com,1
http://reset-password-now8008.com,1
http://bank-verification3044.com,1
http://claim-prize6313.com,1
http://lottery-winner5763.com,1
http://secure-login-update7041.com,1
http://paypal-security-alert7751.com,1
http://verify-account3780.com,1
http://bank-verification8306.com,1
http://bank-verification5548.com,1
http://lottery-winner9881.com,1
http://reset-password-now5226.com,1
http://reset-password-now4736.com,1
http://free-gift3813.com,1
http://free-gift3111.com,1
http://reset-password-now9181.com,1
http://reset-password-now6000.com,1
http://reset-password-now3426.com,1
http://claim-prize4137.com,1
http://urgent-action-needed9732.com,1
http://free-gift6971.com,1
http://urgent-action-needed7226.com,1
http://bank-verification5798.com,1
http://claim-prize5113.com,1
http://paypal-security-alert6590.com,1
http://free-gift9478.com,1
http://update-info-required5578.com,1
http://verify-account9842.com,1
http://paypal-security-alert5679.com,1
http://claim-prize4583.com,1
http://verify-account1736.com,1
http://lottery-winner7529.com,1
http://free-gift3563.com,1
http://secure-login-update7808.com,1
http://reset-password-now5974.com,1
http://update-info-required7562.com,1
http://secure-login-update9228.com,1
http://secure-login-update4970.com,1
http://reset-password-now4316.com,1
http://secure-login-update7582.com,1
http://free-gift9145.com,1
http://paypal-security-alert1653.com,1
http://secure-login-update3882.com,1
http://secure-login-update6702.com,1
http://urgent-action-needed7826.com,1
http://update-info-required8270.com,1
http://verify-account6355.com,1
http://claim-prize3187.com,1
http://verify-account5173.com,1
http://free-gift5524.com,1
http://lottery-winner5967.com,1
http://urgent-action-needed3524.com,1
http://verify-account955.com,1
http://urgent-action-needed9149.com,1
http://paypal-security-alert1869.com,1
http://secure-login-update6060.com,1
http://lottery-winner673.com,1
http://claim-prize5691.com,1
http://urgent-action-needed4075.com,1
http://paypal-security-alert2902.com,1
http://secure-login-update5766.com,1
http://lottery-winner1554.com,1
http://free-gift8965.com,1
http://lottery-winner6982.com,1
http://verify-account4830.com,1
http://bank-verification3801.com,1
http://update-info-required2485.com,1
http://verify-account9712.com,1
http://claim-prize5335.com,1
http://urgent-action-needed680.com,1
http://free-gift1362.com,1
http://reset-password-now3262.com,1
http://reset-password-now3400.com,1
http://lottery-winner963.com,1
http://update-info-required2950.com,1
http://update-info-required8514.com,1
http://free-gift7259.com,1
http://paypal-security-alert4407.com,1
http://verify-account8034.com,1
http://paypal-security-alert6705.com,1
http://free-gift5717.com,1
http://lottery-winner2796.com,1
http://free-gift2354.com,1
http://urgent-action-needed2526.com,1
http://claim-prize9955.com,1
http://claim-prize4244.com,1
http://bank-verification9466.com,1
http://bank-verification5171.com,1
http://paypal-security-alert8137.com,1
http://reset-password-now8633.com,1
http://secure-login-update7541.com,1
http://update-info-required8265.com,1
http://verify-account7811.com,1
http://lottery-winner2268.com,1
http://update-info-required5838.com,1
http://reset-password-now9467.com,1
http://verify-account1821.com,1
http://update-info-required9564.com,1
http://secure-login-update350.com,1
http://verify-account9207.com,1
http://update-info-required2234.com,1
http://paypal-security-alert2348.com,1
http://reset-password-now8334.com,1
http://paypal-security-alert3120.com,1
http://lottery-winner7656.com,1
http://paypal-security-alert9264.com,1
http://urgent-action-needed9383.com,1
http://secure-login-update2737.com,1
http://free-gift5966.com,1
http://free-gift5736.com,1
http://bank-verification4406.com,1
http://reset-password-now9245.com,1
http://bank-verification2904.com,1
http://free-gift3075.com,1
http://free-gift638.com,1
http://update-info-required7715.com,1
http://urgent-action-needed1661.com,1
http://reset-password-now4328.com,1
http://claim-prize5848.com,1
http://update-info-required1849.com,1
http://reset-password-now1284.com,1
http://update-info-required1870.com,1
http://verify-account8170.com,1
http://secure-login-update4470.com,1
http://update-info-required8768.com,1
http://verify-account2016.com,1
http://claim-prize815.com,1
http://bank-verification8086.com,1
http://claim-prize1972.com,1
http://bank-verification549.com,1
http://secure-login-update6494.com,1
http://urgent-action-needed2047.com,1
http://urgent-action-needed1436.com,1
http://urgent-action-needed5683.com,1
http://bank-verification6966.com,1
http://reset-password-now9954.com,1
http://lottery-winner5643.com,1
http://paypal-security-alert4509.com,1
http://lottery-winner3201.com,1
http://update-info-required1090.com,1
http://claim-prize5619.com,1
http://verify-account372.com,1
http://verify-account8335.com,1
http://secure-login-update4056.com,1
http://secure-login-update7766.com,1
http://reset-password-now5549.com,1
http://secure-login-update3940.com,1
http://update-info-required6745.com,1
http://claim-prize2945.com,1
http://paypal-security-alert7796.com,1
http://paypal-security-alert7466.com,1
http://update-info-required4130.com,1
http://lottery-winner5242.com,1
http://claim-prize5931.com,1
http://reset-password-now5440.com,1
http://paypal-security-alert1356.com,1
http://paypal-security-alert7487.com,1
http://lottery-winner4104.com,1
http://lottery-winner3831.com,1
http://reset-password-now5246.com,1
http://claim-prize9060.com,1
http://reset-password-now6993.com,1
http://urgent-action-needed9864.com,1
http://free-gift2070.com,1
http://reset-password-now6330.com,1
http://lottery-winner6024.com,1
http://secure-login-update4027.com,1
http://lottery-winner6718.com,1
http://claim-prize9077.com,1
http://update-info-required3719.com,1
http://urgent-action-needed1549.com,1
http://urgent-action-needed4412.com,1
http://verify-account5177.com,1
http://claim-prize2810.com,1
http://lottery-winner8060.com,1
http://paypal-security-alert4248.com,1
http://verify-account6121.com,1
http://claim-prize8495.com,1
http://update-info-required5217.com,1
http://paypal-security-alert8882.com,1
http://update-info-required4828.com,1
http://lottery-winner8826.com,1
http://urgent-action-needed3629.com,1
http://bank-verification7588.com,1
http://update-info-required8111.com,1
http://paypal-security-alert2971.com,1
http://verify-account2322.com,1
http://update-info-required4545.com,1
http://reset-password-now2913.com,1
http://free-gift4404.com,1
http://urgent-action-needed6552.com,1
http://claim-prize8589.com,1
http://urgent-action-needed4450.com,1
http://bank-verification513.com,1
http://lottery-winner8506.com,1
http://verify-account3906.com,1
http://claim-prize6840.com,1
http://secure-login-update1143.com,1
http://secure-login-update9087.com,1
http://lottery-winner2447.com,1
http://reset-password-now8023.com,1
http://secure-login-update3819.com,1
http://urgent-action-needed5890.com,1
http://verify-account3767.com,1
http://claim-prize9756.com,1
http://urgent-action-needed4613.com,1
http://lottery-winner6414.com,1
http://urgent-action-needed4919.com,1
http://lottery-winner8572.com,1
http://paypal-security-alert1613.com,1
http://claim-prize6075.com,1
http://bank-verification939.com,1
http://reset-password-now7751.com,1
http://paypal-security-alert7614.com,1
http://lottery-winner8629.com,1
http://secure-login-update2768.com,1
http://secure-login-update6419.com,1
http://bank-verification9021.com,1
http://paypal-security-alert9487.com,1
http://free-gift3486.com,1
http://update-info-required3196.com,1
http://bank-verification9334.com,1
http://secure-login-update7565.com,1
http://urgent-action-needed9118.com,1
http://update-info-required121.com,1
http://paypal-security-alert6160.com,1
http://paypal-security-alert5782.com,1
http://claim-prize6108.com,1
http://reset-password-now8294.com,1
http://bank-verification5574.com,1
http://free-gift3402.com,1
http://verify-account7571.com,1
http://claim-prize3604.com,1
http://paypal-security-alert8984.com,1
http://bank-verification2566.com,1
http://lottery-winner6430.com,1
http://bank-verification5377.com,1
http://verify-account8161.com,1
http://secure-login-update9423.com,1
http://verify-account7059.com,1
http://urgent-action-needed2634.com,1
http://secure-login-update2945.com,1
http://urgent-action-needed2636.com,1
http://paypal-security-alert7579.com,1
http://secure-login-update3272.com,1
http://secure-login-update386.com,1
http://free-gift9564.com,1
http://verify-account4577.com,1
http://urgent-action-needed723.com,1
http://urgent-action-needed5069.com,1
http://free-gift4826.com,1
http://paypal-security-alert8434.com,1
http://paypal-security-alert6967.com,1
http://bank-verification8232.com,1
http://free-gift4063.com,1
http://update-info-required8996.com,1
http://secure-login-update7329.com,1
http://claim-prize4538.com,1
http://reset-password-now9795.com,1
http://secure-login-update4577.com,1
http://free-gift9700.com,1
http://update-info-required9958.com,1
http://bank-verification8825.com,1
http://free-gift2520.com,1
http://verify-account8882.com,1
http://bank-verification2558.com,1
http://urgent-action-needed3464.com,1
http://bank-verification9571.com,1
http://paypal-security-alert8226.com,1
http://paypal-security-alert1475.com,1
http://reset-password-now6302.com,1
http://secure-login-update1171.com,1
http://paypal-security-alert44.com,1
http://claim-prize699.com,1
http://free-gift5250.com,1
http://lottery-winner3989.com,1
http://bank-verification4159.com,1
http://secure-login-update8429.com,1
http://update-info-required6516.com,1
http://urgent-action-needed8475.com,1
http://free-gift6669.com,1
http://urgent-action-needed6821.com,1
http://reset-password-now2601.com,1
http://claim-prize9804.com,1
http://urgent-action-needed9374.com,1
http://secure-login-update1427.com,1
http://update-info-required3050.com,1
http://lottery-winner7926.com,1
http://paypal-security-alert5020.com,1
http://verify-account9003.com,1
http://secure-login-update3957.com,1
http://reset-password-now4903.com,1
http://claim-prize1342.com,1
http://lottery-winner6867.com,1
http://lottery-winner4323.com,1
http://secure-login-update3592.com,1
http://verify-account8957.com,1
http://reset-password-now1510.com,1
http://claim-prize3510.com,1
http://bank-verification2582.com,1
http://lottery-winner7691.com,1
http://update-info-required19.com,1
http://lottery-winner8977.com,1
http://verify-account9642.com,1
http://update-info-required8009.com,1
http://update-info-required9193.com,1
http://lottery-winner3700.com,1
http://secure-login-update1362.com,1
http://urgent-action-needed1238.com,1
http://secure-login-update5809.com,1
http://lottery-winner6548.com,1
http://verify-account8167.com,1
http://claim-prize4597.com,1
http://free-gift1350.com,1
http://paypal-security-alert1888.com,1
http://free-gift555.com,1
http://lottery-winner532.com,1
http://lottery-winner9387.com,1
http://free-gift5581.com,1
http://verify-account1888.com,1
http://claim-prize6336.com,1
http://bank-verification8781.com,1
http://secure-login-update8624.com,1
http://reset-password-now1934.com,1
http://claim-prize8607.com,1
http://bank-verification3593.com,1
http://update-info-required3080.com,1
http://free-gift8089.com,1
http://reset-password-now6009.com,1
http://lottery-winner4976.com,1
http://verify-account8769.com,1
http://free-gift3917.com,1
http://paypal-security-alert546.com,1
http://claim-prize7482.com,1
http://secure-login-update1232.com,1
http://reset-password-now4255.com,1
http://secure-login-update6511.com,1
http://update-info-required754.com,1
http://paypal-security-alert8365.com,1
http://secure-login-update9433.com,1
http://claim-prize4622.com,1
http://update-info-required953.com,1
http://reset-password-now4469.com,1
http://lottery-winner9453.com,1
http://free-gift6348.com,1
http://verify-account1902.com,1
http://free-gift3626.com,1
http://secure-login-update8496.com,1
http://paypal-security-alert3261.com,1
http://lottery-winner1856.com,1
http://bank-verification7835.com,1
http://verify-account1800.com,1
http://verify-account5225.com,1
http://bank-verification3395.com,1
http://urgent-action-needed5949.com,1
http://secure-login-update3370.com,1
http://claim-prize4127.com,1
http://urgent-action-needed9653.com,1
http://update-info-required5141.com,1
http://paypal-security-alert2355.com,1
http://verify-account3094.com,1
http://reset-password-now9910.com,1
http://free-gift5931.com,1
http://reset-password-now1765.com,1
http://claim-prize4166.com,1
http://update-info-required639.com,1
http://secure-login-update3380.com,1
http://reset-password-now1528.com,1
http://claim-prize9962.com,1
http://reset-password-now7110.com,1
http://reset-password-now3694.com,1
http://claim-prize4629.com,1
http://bank-verification6678.com,1
http://verify-account5835.com,1
http://verify-account668.com,1
http://urgent-action-needed7790.com,1
http://urgent-action-needed924.com,1
http://reset-password-now223.com,1
http://secure-login-update5985.com,1
http://bank-verification3571.com,1
http://reset-password-now6382.com,1
http://free-gift6876.com,1
http://reset-password-now6847.com,1
http://claim-prize7574.com,1
http://free-gift6771.com,1
http://paypal-security-alert9641.com,1
http://claim-prize1812.com,1
http://urgent-action-needed3328.com,1
http://lottery-winner8485.com,1
http://lottery-winner362.com,1
http://verify-account297.com,1
http://verify-account5455.com,1
http://reset-password-now4310.com,1
http://urgent-action-needed8810.com,1
http://secure-login-update9756.com,1
http://bank-verification6582.com,1
http://claim-prize4059.com,1
http://reset-password-now2978.com,1
http://reset-password-now9624.com,1
http://urgent-action-needed52.com,1
http://paypal-security-alert9592.com,1
http://paypal-security-alert169.com,1
http://verify-account597.com,1
http://verify-account3253.com,1
http://bank-verification8634.com,1
http://paypal-security-alert861.com,1
http://free-gift7412.com,1
http://secure-login-update119.com,1
http://claim-prize6222.com,1
http://lottery-winner7508.com,1
http://update-info-required4004.com,1
http://secure-login-update2994.com,1
http://claim-prize5187.com,1
http://free-gift8134.com,1
http://secure-login-update1441.com,1
http://free-gift7562.com,1
http://reset-password-now4940.com,1
http://claim-prize7162.com,1
http://bank-verification5869.com,1
http://secure-login-update8733.com,1
http://paypal-security-alert451.com,1
http://reset-password-now4271.com,1
http://reset-password-now2684.com,1
http://bank-verification8186.com,1
http://claim-prize3533.com,1
http://secure-login-update6679.com,1
http://paypal-security-alert8851.com,1
http://verify-account4705.com,1
http://verify-account8928.com,1
http://free-gift3910.com,1
http://free-gift1750.com,1
http://bank-verification908.com,1
http://lottery-winner6274.com,1
http://secure-login-update1702.com,1
http://bank-verification2733.com,1
http://paypal-security-alert7062.com,1
http://claim-prize1279.com,1
http://free-gift4735.com,1
http://claim-prize3269.com,1
http://bank-verification5684.com,1
http://lottery-winner2139.com,1
http://paypal-security-alert7102.com,1
http://update-info-required807.com,1
http://claim-prize5739.com,1
http://lottery-winner1429.com,1
http://claim-prize5728.com,1
http://claim-prize3678.com,1
http://update-info-required3423.com,1
http://free-gift8561.com,1
http://urgent-action-needed4150.com,1
http://free-gift5021.com,1
http://paypal-security-alert1704.com,1
http://urgent-action-needed4843.com,1
http://paypal-security-alert6683.com,1
http://bank-verification3408.com,1
http://urgent-action-needed2729.com,1
http://secure-login-update109.com,1
http://bank-verification9642.com,1
http://verify-account5764.com,1
http://claim-prize3789.com,1
http://update-info-required9638.com,1
http://secure-login-update5480.com,1
http://free-gift1872.com,1
http://secure-login-update9800.com,1
http://paypal-security-alert9275.com,1
http://update-info-required8969.com,1
http://reset-password-now4821.com,1
http://secure-login-update1814.com,1
http://update-info-required2644.com,1
http://verify-account1539.com,1
http://verify-account491.com,1
http://reset-password-now473.com,1
http://reset-password-now1807.com,1
http://verify-account8153.com,1
http://urgent-action-needed3310.com,1
http://lottery-winner4928.com,1
http://verify-account9467.com,1
http://reset-password-now7200.com,1
http://secure-login-update5681.com,1
http://paypal-security-alert2440.com,1
http://update-info-required3875.com,1
http://claim-prize9565.com,1
http://reset-password-now4423.com,1
http://reset-password-now8650.com,1
http://paypal-security-alert6570.com,1
http://free-gift2669.com,1
http://update-info-required1122.com,1
http://secure-login-update8112.com,1
http://bank-verification6038.com,1
http://claim-prize5108.com,1
http://lottery-winner6876.com,1
http://urgent-action-needed9772.com,1
http://verify-account8519.com,1
http://lottery-winner2498.com,1
http://secure-login-update9363.com,1
http://claim-prize3393.com,1
http://lottery-winner6910.com,1
http://urgent-action-needed2208.com,1
http://free-gift8032.com,1
http://paypal-security-alert9503.com,1
http://reset-password-now8627.com,1
http://free-gift6118.com,1
http://reset-password-now6113.com,1
http://claim-prize4965.com,1
http://lottery-winner595.com,1
http://paypal-security-alert1351.com,1
http://urgent-action-needed4015.com,1
http://claim-prize8178.com,1
http://bank-verification1680.com,1
http://bank-verification1871.com,1
http://free-gift9575.com,1
http://paypal-security-alert1175.com,1
http://lottery-winner246.com,1
http://secure-login-update7790.com,1
http://urgent-action-needed7542.com,1
http://free-gift9083.com,1
http://free-gift633.com,1
http://reset-password-now9942.com,1
http://reset-password-now3528.com,1
http://claim-prize6264.com,1
http://update-info-required3932.com,1
http://verify-account8168.com,1
http://bank-verification7547.com,1
http://reset-password-now1613.com,1
http://free-gift6096.com,1
http://bank-verification9612.com,1
http://update-info-required9609.com,1
http://reset-password-now3484.com,1
http://free-gift1383.com,1
http://reset-password-now4734.com,1
http://secure-login-update8085.com,1
http://free-gift8486.com,1
http://lottery-winner419.com,1
http://update-info-required882.com,1
http://bank-verification1552.com,1
http://lottery-winner4945.com,1
http://urgent-action-needed4837.com,1
http://claim-prize6386.com,1
http://free-gift7222.com,1
http://lottery-winner5719.com,1
http://bank-verification6040.com,1
http://claim-prize215.com,1
http://paypal-security-alert5785.com,1
http://urgent-action-needed5950.com,1
http://paypal-security-alert6505.com,1
http://update-info-required1840.com,1
http://secure-login-update5284.com,1
http://free-gift8282.com,1
http://reset-password-now5810.com,1
http://verify-account240.com,1
http://free-gift377.com,1
http://secure-login-update2603.com,1
http://paypal-security-alert6427.com,1
http://free-gift8844.com,1
http://urgent-action-needed8017.com,1
http://paypal-security-alert2086.com,1
http://paypal-security-alert4584.com,1
http://urgent-action-needed3578.com,1
http://bank-verification2694.com,1
http://secure-login-update7222.com,1
http://free-gift3227.com,1
http://bank-verification8014.com,1
http://secure-login-update2467.com,1
http://secure-login-update5392.com,1
http://bank-verification5071.com,1
http://verify-account306.com,1
http://paypal-security-alert9007.com,1
http://bank-verification3421.com,1
http://secure-login-update4236.com,1
http://paypal-security-alert1017.com,1
http://reset-password-now8385.com,1
http://free-gift5135.com,1
http://update-info-required7986.com,1
http://secure-login-update8742.com,1
http://update-info-required3850.com,1
http://reset-password-now7327.com,1
http://update-info-required2042.com,1
http://paypal-security-alert1246.com,1
http://secure-login-update7156.com,1
http://lottery-winner5649.com,1
http://verify-account8537.com,1
http://urgent-action-needed3611.com,1
http://free-gift3565.com,1
http://update-info-required6349.com,1
http://secure-login-update4204.com,1
http://bank-verification7429.com,1
http://secure-login-update650.com,1
http://secure-login-update3458.com,1
http://reset-password-now7104.com,1
http://bank-verification4614.com,1
http://reset-password-now6039.com,1
http://bank-verification8430.com,1
http://free-gift8027.com,1
http://urgent-action-needed1272.com,1
http://update-info-required6929.com,1
http://reset-password-now7146.com,1
http://secure-login-update2157.com,1
http://bank-verification3089.com,1
http://verify-account7524.com,1
http://reset-password-now5638.com,1
http://bank-verification5741.com,1
http://reset-password-now921.com,1
http://reset-password-now8347.com,1
http://secure-login-update2864.com,1
http://secure-login-update2795.com,1
http://urgent-action-needed9214.com,1
http://bank-verification8498.com,1
http://verify-account7434.com,1
http://secure-login-update8957.com,1
http://urgent-action-needed8422.com,1
http://update-info-required7561.com,1
http://secure-login-update9388.com,1
http://free-gift9433.com,1
http://lottery-winner6314.com,1
http://urgent-action-needed1012.com,1
http://reset-password-now594.com,1
http://paypal-security-alert1248.com,1
http://verify-account8474.com,1
http://claim-prize3164.com,1
http://verify-account6157.com,1
http://claim-prize5312.com,1
http://secure-login-update3698.com,1
http://secure-login-update7700.com,1
http://free-gift4088.com,1
http://bank-verification1490.com,1
http://lottery-winner6610.com,1
http://claim-prize7349.com,1
http://lottery-winner8938.com,1
http://paypal-security-alert2081.com,1
http://paypal-security-alert8755.com,1
http://urgent-action-needed4901.com,1
http://lottery-winner233.com,1
http://update-info-required7915.com,1
http://bank-verification4200.com,1
http://paypal-security-alert6404.com,1
http://paypal-security-alert2181.com,1
http://paypal-security-alert9778.com,1
http://paypal-security-alert8100.com,1
http://update-info-required7206.com,1
http://update-info-required5024.com,1
http://free-gift6147.com,1
http://urgent-action-needed4391.com,1
http://claim-prize8850.com,1
http://update-info-required7275.com,1
http://secure-login-update6425.com,1
http://update-info-required6372.com,1
http://reset-password-now2125.com,1
http://claim-prize3312.com,1
http://paypal-security-alert2841.com,1
http://secure-login-update7183.com,1
http://claim-prize7292.com,1
http://verify-account690.com,1
http://urgent-action-needed5102.com,1
http://bank-verification7552.com,1
http://free-gift9125.com,1
http://paypal-security-alert1174.com,1
http://paypal-security-alert5571.com,1
http://reset-password-now2676.com,1
http://verify-account6884.com,1
http://lottery-winner3253.com,1
http://claim-prize482.com,1
http://urgent-action-needed7762.com,1
http://secure-login-update7412.com,1
http://urgent-action-needed8844.com,1
http://paypal-security-alert3565.com,1
http://claim-prize1094.com,1
http://lottery-winner9165.com,1
http://free-gift2522.com,1
http://reset-password-now8800.com,1
http://lottery-winner6263.com,1
http://urgent-action-needed3269.com,1
http://reset-password-now4596.com,1
http://update-info-required9643.com,1
http://update-info-required8142.com,1
http://paypal-security-alert6337.com,1
http://bank-verification2804.com,1
http://reset-password-now572.com,1
http://paypal-security-alert1595.com,1
http://bank-verification9529.com,1
http://claim-prize1234.com,1
http://lottery-winner9453.com,1
http://bank-verification5762.com,1
http://update-info-required4291.com,1
http://lottery-winner5937.com,1
http://lottery-winner9534.com,1
http://paypal-security-alert7042.com,1
http://lottery-winner4576.com,1
http://bank-verification4795.com,1
http://bank-verification3298.com,1
http://claim-prize258.com,1
http://claim-prize3741.com,1
http://free-gift6767.com,1
http://verify-account317.com,1
http://lottery-winner1099.com,1
http://reset-password-now1688.com,1
http://lottery-winner2185.com,1
http://bank-verification9936.com,1
http://urgent-action-needed2959.com,1
http://secure-login-update966.com,1
http://reset-password-now5219.com,1
http://reset-password-now8819.com,1
http://secure-login-update1682.com,1
http://free-gift8399.com,1
http://verify-account4464.com,1
http://verify-account3226.com,1
http://free-gift6622.com,1
http://update-info-required9797.com,1
http://paypal-security-alert8450.com,1
http://lottery-winner9915.com,1
http://claim-prize9903.com,1
http://reset-password-now9917.com,1
http://bank-verification2812.com,1
http://reset-password-now3877.com,1
http://update-info-required5628.com,1
http://free-gift1537.com,1
http://update-info-required5894.com,1
http://paypal-security-alert2414.com,1
http://verify-account4716.com,1
http://paypal-security-alert6804.com,1
http://urgent-action-needed4858.com,1
http://reset-password-now3293.com,1
http://update-info-required1231.com,1
http://secure-login-update1847.com,1
http://secure-login-update622.com,1
http://claim-prize8526.com,1
http://bank-verification3549.com,1
http://reset-password-now3685.com,1
http://update-info-required8748.com,1
http://paypal-security-alert6117.com,1
http://free-gift4758.com,1
http://lottery-winner6100.com,1
http://urgent-action-needed8767.com,1
http://free-gift9434.com,1
http://update-info-required9716.com,1
http://urgent-action-needed2428.com,1
http://free-gift619.com,1
http://update-info-required5769.com,1
http://paypal-security-alert3277.com,1
http://claim-prize3338.com,1
http://claim-prize8509.com,1
http://urgent-action-needed3694.com,1
http://paypal-security-alert6236.com,1
http://free-gift8669.com,1
http://paypal-security-alert3058.com,1
http://lottery-winner5919.com,1
http://update-info-required3639.com,1
http://bank-verification9238.com,1
http://claim-prize4112.com,1
http://urgent-action-needed6808.com,1
http://secure-login-update5811.com,1
http://free-gift5790.com,1
http://paypal-security-alert9832.com,1
http://lottery-winner6824.com,1
http://lottery-winner4465.com,1
http://update-info-required8625.com,1
http://verify-account2151.com,1
http://bank-verification1607.com,1
http://update-info-required6915.com,1
http://secure-login-update4467.com,1
http://bank-verification6580.com,1
http://verify-account7777.com,1
http://bank-verification3359.com,1
http://paypal-security-alert366.com,1
http://verify-account502.com,1
http://bank-verification5233.com,1
http://reset-password-now7357.com,1
http://bank-verification336.com,1
http://urgent-action-needed3245.com,1
http://secure-login-update8673.com,1
http://paypal-security-alert3959.com,1
http://lottery-winner1603.com,1
http://urgent-action-needed7950.com,1
http://paypal-security-alert9194.com,1
http://update-info-required2333.com,1
http://claim-prize8640.com,1
http://bank-verification7937.com,1
http://bank-verification7007.com,1
http://urgent-action-needed4154.com,1
http://bank-verification9725.com,1
http://bank-verification8533.com,1
http://urgent-action-needed5078.com,1
http://reset-password-now1486.com,1
http://claim-prize8273.com,1
http://secure-login-update1049.com,1
http://bank-verification4999.com,1
http://urgent-action-needed7139.com,1
http://paypal-security-alert1999.com,1
http://secure-login-update8817.com,1
http://verify-account2649.com,1
http://lottery-winner1454.com,1
http://free-gift5118.com,1
http://paypal-security-alert3681.com,1
http://urgent-action-needed8681.com,1
http://bank-verification3285.com,1
http://verify-account4089.com,1
http://update-info-required8389.com,1
http://bank-verification2319.com,1
http://urgent-action-needed4890.com,1
http://reset-password-now9486.com,1
http://lottery-winner7756.com,1
http://verify-account1954.com,1
http://paypal-security-alert2768.com,1
http://bank-verification6470.com,1
http://lottery-winner5731.com,1
http://lottery-winner2277.com,1
http://free-gift7194.com,1
http://update-info-required3673.com,1
http://free-gift1791.com,1
http://lottery-winner3190.com,1
http://secure-login-update5794.com,1
http://urgent-action-needed575.com,1
http://lottery-winner9022.com,1
http://update-info-required1593.com,1
http://paypal-security-alert7691.com,1
http://bank-verification8056.com,1
http://update-info-required6405.com,1
http://paypal-security-alert760.com,1
http://bank-verification4035.com,1
http://urgent-action-needed1579.com,1
http://reset-password-now6902.com,1
http://lottery-winner9436.com,1
http://bank-verification7807.com,1
http://bank-verification6646.com,1
http://urgent-action-needed3279.com,1
http://paypal-security-alert8379.com,1
http://urgent-action-needed2742.com,1
http://reset-password-now7747.com,1
http://claim-prize7043.com,1
http://paypal-security-alert1608.com,1
http://verify-account7503.com,1
http://paypal-security-alert8201.com,1
http://reset-password-now9099.com,1
http://update-info-required7076.com,1
http://claim-prize437.com,1
http://reset-password-now2135.com,1
http://update-info-required8280.com,1
http://claim-prize2711.com,1
http://lottery-winner3870.com,1
http://claim-prize4904.com,1
http://lottery-winner1182.com,1
http://paypal-security-alert8906.com,1
http://bank-verification3801.com,1
http://urgent-action-needed5088.com,1
http://lottery-winner453.com,1
http://paypal-security-alert2729.com,1
http://free-gift6059.com,1
http://update-info-required6563.com,1
http://verify-account7340.com,1
http://reset-password-now4258.com,1
http://free-gift8958.com,1
http://reset-password-now4692.com,1
http://secure-login-update6220.com,1
http://free-gift3727.com,1
http://paypal-security-alert1264.com,1
http://reset-password-now6568.com,1
http://lottery-winner1401.com,1
http://bank-verification1139.com,1
http://verify-account6438.com,1
http://bank-verification6731.com,1
http://urgent-action-needed9056.com,1
http://urgent-action-needed4834.com,1
http://bank-verification7501.com,1
http://lottery-winner8970.com,1
http://secure-login-update5226.com,1
http://paypal-security-alert1262.com,1
http://lottery-winner9884.com,1
http://secure-login-update8963.com,1
http://bank-verification7667.com,1
http://reset-password-now4560.com,1
http://update-info-required438.com,1
http://secure-login-update312.com,1
http://reset-password-now2842.com,1
http://paypal-security-alert1216.com,1
http://urgent-action-needed9032.com,1
http://claim-prize6592.com,1
http://urgent-action-needed9636.com,1
http://update-info-required7793.com,1
http://update-info-required4533.com,1
http://verify-account2736.com,1
http://secure-login-update6699.com,1
http://bank-verification4940.com,1
http://bank-verification3688.com,1
http://claim-prize2158.com,1
http://claim-prize4681.com,1
http://reset-password-now6776.com,1
http://lottery-winner7317.com,1
http://update-info-required1675.com,1
http://lottery-winner8728.com,1
http://paypal-security-alert9386.com,1
http://reset-password-now7594.com,1
http://reset-password-now7062.com,1
http://update-info-required3960.com,1
http://claim-prize18.com,1
http://secure-login-update8551.com,1
http://update-info-required2515.com,1
http://urgent-action-needed896.com,1
http://bank-verification1940.com,1
http://claim-prize3794.com,1
http://claim-prize24.com,1
http://update-info-required2091.com,1
http://paypal-security-alert6365.com,1
http://claim-prize9951.com,1
http://update-info-required3686.com,1
http://lottery-winner7889.com,1
http://free-gift9102.com,1
http://paypal-security-alert6318.com,1
http://free-gift3469.com,1
http://free-gift566.com,1
http://reset-password-now2330.com,1
http://bank-verification4313.com,1
http://verify-account6153.com,1
http://paypal-security-alert167.com,1
http://free-gift5936.com,1
http://bank-verification7321.com,1
http://paypal-security-alert1894.com,1
http://verify-account113.com,1
http://urgent-action-needed2891.com,1
http://claim-prize9297.com,1
http://update-info-required8002.com,1
http://verify-account2738.com,1
http://claim-prize7515.com,1
http://secure-login-update7411.com,1
http://bank-verification4758.com,1
http://secure-login-update4229.com,1
http://lottery-winner5266.com,1
http://urgent-action-needed8224.com,1
http://update-info-required3271.com,1
http://verify-account2830.com,1
http://secure-login-update9412.com,1
http://bank-verification4598.com,1
http://reset-password-now2060.com,1
http://reset-password-now4259.com,1
http://lottery-winner1999.com,1
http://paypal-security-alert4819.com,1
http://verify-account6208.com,1
http://verify-account3890.com,1
http://verify-account6091.com,1
http://bank-verification3361.com,1
http://secure-login-update2916.com,1
http://bank-verification6908.com,1
http://secure-login-update2278.com,1
http://urgent-action-needed3953.com,1
http://lottery-winner6895.com,1
http://verify-account3384.com,1
http://paypal-security-alert5414.com,1
http://paypal-security-alert7595.com,1
http://reset-password-now7438.com,1
http://lottery-winner3516.com,1
http://urgent-action-needed4864.com,1
http://claim-prize1120.com,1
http://reset-password-now3105.com,1
http://verify-account921.com,1
http://free-gift9033.com,1
http://bank-verification6798.com,1
http://bank-verification2231.com,1
http://verify-account2068.com,1
http://bank-verification8758.com,1
http://update-info-required6132.com,1
http://update-info-required4437.com,1
http://bank-verification1516.com,1
http://free-gift7576.com,1
http://update-info-required4503.com,1
http://bank-verification9627.com,1
http://paypal-security-alert3870.com,1
http://lottery-winner7330.com,1
http://update-info-required4650.com,1
http://bank-verification23.com,1
http://bank-verification7378.com,1
http://update-info-required7105.com,1
http://claim-prize3392.com,1
http://bank-verification4537.com,1
http://bank-verification7617.com,1
http://paypal-security-alert8674.com,1
http://bank-verification1568.com,1
http://free-gift8858.com,1
http://free-gift671.com,1
http://verify-account1282.com,1
http://lottery-winner9800.com,1
http://verify-account5400.com,1
http://secure-login-update9291.com,1
http://paypal-security-alert33.com,1
http://lottery-winner2632.com,1
http://verify-account52.com,1
http://urgent-action-needed9980.com,1
http://paypal-security-alert9914.com,1
http://claim-prize1526.com,1
http://bank-verification3250.com,1
http://paypal-security-alert7807.com,1
http://paypal-security-alert705.com,1
http://secure-login-update6989.com,1
http://lottery-winner792.com,1
http://urgent-action-needed3537.com,1
http://reset-password-now7342.com,1
http://reset-password-now3148.com,1
http://urgent-action-needed8754.com,1
http://reset-password-now4000.com,1
http://bank-verification1989.com,1
http://verify-account5018.com,1
http://urgent-action-needed1260.com,1
http://secure-login-update7144.com,1
http://verify-account1036.com,1
http://reset-password-now5712.com,1
http://paypal-security-alert4465.com,1
http://lottery-winner118.com,1
http://bank-verification9266.com,1
http://claim-prize1181.com,1
http://lottery-winner6969.com,1
http://reset-password-now1895.com,1
http://bank-verification1252.com,1
http://bank-verification7496.com,1
http://update-info-required3825.com,1
http://lottery-winner8265.com,1
http://paypal-security-alert6130.com,1
http://claim-prize7108.com,1
http://paypal-security-alert3274.com,1
http://lottery-winner7521.com,1
http://claim-prize9852.com,1
http://paypal-security-alert9854.com,1
http://lottery-winner2578.com,1
http://claim-prize4400.com,1
http://reset-password-now2180.com,1
http://bank-verification5739.com,1
http://secure-login-update934.com,1
http://verify-account1152.com,1
http://claim-prize169.com,1
http://urgent-action-needed2112.com,1
http://secure-login-update6035.com,1
http://bank-verification1125.com,1
http://urgent-action-needed3150.com,1
http://secure-login-update4703.com,1
http://reset-password-now8098.com,1
http://urgent-action-needed8686.com,1
http://verify-account1034.com,1
http://claim-prize553.com,1
http://verify-account2611.com,1
http://verify-account4897.com,1
http://urgent-action-needed2189.com,1
http://lottery-winner5900.com,1
http://update-info-required9506.com,1
http://urgent-action-needed2982.com,1
http://reset-password-now40.com,1
http://free-gift6080.com,1
http://bank-verification1107.com,1
http://free-gift1285.com,1
http://secure-login-update9220.com,1
http://verify-account9702.com,1
http://bank-verification5013.com,1
http://paypal-security-alert9904.com,1
http://paypal-security-alert8358.com,1
http://reset-password-now913.com,1
http://secure-login-update5818.com,1
http://paypal-security-alert233.com,1
http://urgent-action-needed7778.com,1
http://verify-account7193.com,1
http://update-info-required4977.com,1
http://urgent-action-needed1853.com,1
http://update-info-required8308.com,1
http://urgent-action-needed797.com,1
http://update-info-required3175.com,1
http://lottery-winner4313.com,1
http://reset-password-now8370.com,1
http://reset-password-now9331.com,1
http://free-gift2140.com,1
http://reset-password-now1130.com,1
http://verify-account7589.com,1
http://reset-password-now7520.com,1
http://bank-verification5274.com,1
http://lottery-winner9041.com,1
http://update-info-required9121.com,1
http://secure-login-update1793.com,1
http://urgent-action-needed7189.com,1
http://reset-password-now9800.com,1
http://claim-prize4122.com,1
http://bank-verification7513.com,1
http://update-info-required4598.com,1
http://free-gift7834.com,1
http://claim-prize8108.com,1
http://paypal-security-alert3978.com,1
http://reset-password-now2671.com,1
http://free-gift9087.com,1
http://secure-login-update9487.com,1
http://urgent-action-needed4891.com,1
http://free-gift5790.com,1
http://secure-login-update1835.com,1
http://paypal-security-alert7868.com,1
http://lottery-winner1728.com,1
http://urgent-action-needed4122.com,1
http://update-info-required6449.com,1
http://bank-verification1868.com,1
http://reset-password-now5875.com,1
http://verify-account5683.com,1
http://bank-verification1203.com,1
http://urgent-action-needed8512.com,1
http://reset-password-now9717.com,1
http://paypal-security-alert7261.com,1
http://urgent-action-needed6955.com,1
http://free-gift9559.com,1
http://verify-account5616.com,1
http://paypal-security-alert8200.com,1
http://paypal-security-alert5838.com,1
http://verify-account4312.com,1
http://free-gift9075.com,1
http://bank-verification4859.com,1
http://secure-login-update2647.com,1
http://reset-password-now8956.com,1
http://secure-login-update9298.com,1
http://lottery-winner755.com,1
http://bank-verification4815.com,1
http://reset-password-now5720.com,1
http://paypal-security-alert4762.com,1
http://lottery-winner6278.com,1
http://lottery-winner471.com,1
http://free-gift9347.com,1
http://urgent-action-needed2763.com,1
http://secure-login-update7408.com,1
http://bank-verification7068.com,1
http://paypal-security-alert246.com,1
http://paypal-security-alert527.com,1
http://claim-prize8113.com,1
http://paypal-security-alert3971.com,1
http://bank-verification8034.com,1
http://lottery-winner3310.com,1
http://paypal-security-alert4617.com,1
http://secure-login-update5789.com,1
http://update-info-required9328.com,1
http://verify-account4540.com,1
http://free-gift821.com,1
http://verify-account1905.com,1
http://claim-prize4201.com,1
http://paypal-security-alert6592.com,1
http://secure-login-update4306.com,1
http://bank-verification5233.com,1
http://lottery-winner4585.com,1
http://lottery-winner5320.com,1
http://secure-login-update252.com,1
http://update-info-required103.com,1
http://free-gift7508.com,1
http://paypal-security-alert9548.com,1
http://lottery-winner6249.com,1
http://lottery-winner4753.com,1
http://verify-account3256.com,1
http://lottery-winner184.com,1
http://verify-account6019.com,1
http://urgent-action-needed7126.com,1
http://update-info-required1502.com,1
http://bank-verification3323.com,1
http://lottery-winner9109.com,1
http://secure-login-update89.com,1
http://update-info-required4036.com,1
http://reset-password-now3017.com,1
http://secure-login-update5331.com,1
http://reset-password-now6847.com,1
http://bank-verification7476.com,1
http://update-info-required3847.com,1
http://claim-prize7476.com,1
http://update-info-required7193.com,1
http://reset-password-now9546.com,1
http://claim-prize5708.com,1
http://claim-prize2401.com,1
http://verify-account495.com,1
http://free-gift6289.com,1
http://free-gift2493.com,1
http://free-gift2381.com,1
http://urgent-action-needed7893.com,1
http://verify-account5472.com,1
http://claim-prize6750.com,1
http://lottery-winner676.com,1
http://lottery-winner1872.com,1
http://secure-login-update8296.com,1
http://verify-account5246.com,1
http://verify-account8786.com,1
http://update-info-required4630.com,1
http://free-gift1314.com,1
http://reset-password-now1566.com,1
http://update-info-required2560.com,1
http://update-info-required4027.com,1
http://claim-prize2272.com,1
http://lottery-winner6328.com,1
http://paypal-security-alert4887.com,1
http://free-gift7192.com,1
http://claim-prize7929.com,1
http://secure-login-update53.com,1
http://paypal-security-alert6731.com,1
http://claim-prize8700.com,1
http://bank-verification9342.com,1
http://update-info-required4454.com,1
http://update-info-required8948.com,1
http://lottery-winner9050.com,1
http://verify-account5271.com,1
http://paypal-security-alert1959.com,1
http://lottery-winner7840.com,1
http://reset-password-now9909.com,1
http://free-gift1593.com,1
http://update-info-required2729.com,1
http://free-gift5111.com,1
http://verify-account4030.com,1
http://lottery-winner40.com,1
http://paypal-security-alert6477.com,1
http://urgent-action-needed3273.com,1
http://secure-login-update4476.com,1
http://free-gift1354.com,1
http://bank-verification4161.com,1
http://verify-account4506.com,1
http://urgent-action-needed3464.com,1
http://secure-login-update2784.com,1
http://urgent-action-needed8042.com,1
http://lottery-winner9914.com,1
http://claim-prize430.com,1
http://reset-password-now808.com,1
http://bank-verification6411.com,1
http://verify-account2773.com,1
http://lottery-winner3488.com,1
http://claim-prize3687.com,1
http://secure-login-update6715.com,1
http://update-info-required867.com,1
http://update-info-required6395.com,1
http://update-info-required4044.com,1
http://free-gift6412.com,1
http://lottery-winner1566.com,1
http://free-gift4428.com,1
http://update-info-required4864.com,1
http://secure-login-update4430.com,1
http://bank-verification9817.com,1
http://lottery-winner5542.com,1
http://secure-login-update8808.com,1
http://paypal-security-alert4464.com,1
http://lottery-winner3006.com,1
http://claim-prize7234.com,1
http://paypal-security-alert3398.com,1
http://reset-password-now3842.com,1
http://secure-login-update4979.com,1
http://lottery-winner7679.com,1
http://free-gift8284.com,1
http://lottery-winner1346.com,1
http://lottery-winner5987.com,1
http://bank-verification1368.com,1
http://paypal-security-alert8587.com,1
http://bank-verification5193.com,1
http://claim-prize7999.com,1
http://lottery-winner7009.com,1
http://reset-password-now6768.com,1
http://claim-prize6447.com,1
http://lottery-winner3909.com,1
http://free-gift1350.com,1
http://secure-login-update6314.com,1
http://update-info-required5333.com,1
http://bank-verification5823.com,1
http://paypal-security-alert1293.com,1
http://secure-login-update837.com,1
http://free-gift1917.com,1
http://paypal-security-alert6292.com,1
http://bank-verification5277.com,1
http://lottery-winner3661.com,1
http://free-gift1324.com,1
http://claim-prize2996.com,1
http://urgent-action-needed6872.com,1
http://claim-prize7724.com,1
http://bank-verification2064.com,1
http://urgent-action-needed8455.com,1
http://reset-password-now9865.com,1
http://bank-verification8810.com,1
http://update-info-required5999.com,1
http://paypal-security-alert4573.com,1
http://update-info-required5463.com,1
http://claim-prize5934.com,1
http://reset-password-now5754.com,1
http://update-info-required8843.com,1
http://claim-prize1370.com,1
http://bank-verification9181.com,1
http://secure-login-update1138.com,1
http://claim-prize2878.com,1
http://update-info-required796.com,1
http://bank-verification7739.com,1
http://secure-login-update5974.com,1
http://free-gift940.com,1
http://paypal-security-alert9585.com,1
http://claim-prize5042.com,1
http://secure-login-update2754.com,1
http://lottery-winner3442.com,1
http://reset-password-now4121.com,1
http://free-gift9954.com,1
http://urgent-action-needed7315.com,1
http://lottery-winner7466.com,1
http://reset-password-now2242.com,1
http://paypal-security-alert9977.com,1
http://bank-verification598.com,1
http://paypal-security-alert5335.com,1
http://reset-password-now7618.com,1
http://paypal-security-alert9845.com,1
http://urgent-action-needed7559.com,1
http://reset-password-now8629.com,1
http://paypal-security-alert8976.com,1
http://update-info-required9366.com,1
http://reset-password-now3619.com,1
http://urgent-action-needed5622.com,1
http://free-gift9226.com,1
http://lottery-winner8123.com,1
http://secure-login-update8854.com,1
http://update-info-required6357.com,1
http://bank-verification6569.com,1
http://urgent-action-needed7951.com,1
http://urgent-action-needed9649.com,1
http://lottery-winner678.com,1
http://bank-verification6439.com,1
http://update-info-required3074.com,1
http://paypal-security-alert7696.com,1
http://paypal-security-alert8295.com,1
http://claim-prize8307.com,1
http://secure-login-update7786.com,1
http://update-info-required7348.com,1
http://secure-login-update425.com,1
http://paypal-security-alert816.com,1
http://urgent-action-needed3914.com,1
http://reset-password-now8631.com,1
http://free-gift9531.com,1
http://verify-account3344.com,1
http://update-info-required8116.com,1
http://verify-account1267.com,1
http://secure-login-update927.com,1
http://verify-account7196.com,1
http://verify-account1558.com,1
http://update-info-required8840.com,1
http://reset-password-now329.com,1
http://verify-account9556.com,1
http://reset-password-now2746.com,1
http://verify-account5087.com,1
http://urgent-action-needed1357.com,1
http://free-gift4064.com,1
http://bank-verification4326.com,1
http://claim-prize2981.com,1
http://bank-verification3230.com,1
http://bank-verification6043.com,1
http://paypal-security-alert7022.com,1
http://verify-account3979.com,1
http://free-gift4896.com,1
http://paypal-security-alert8374.com,1
http://verify-account6463.com,1
http://verify-account4199.com,1
http://verify-account5381.com,1
http://lottery-winner831.com,1
http://free-gift4821.com,1
http://paypal-security-alert8232.com,1
http://bank-verification2771.com,1
http://paypal-security-alert738.com,1
http://verify-account6767.com,1
http://paypal-security-alert3055.com,1
http://urgent-action-needed7861.com,1
http://urgent-action-needed2486.com,1
http://secure-login-update9181.com,1
http://urgent-action-needed4163.com,1
http://secure-login-update3200.com,1
http://paypal-security-alert4839.com,1
http://reset-password-now2369.com,1
http://reset-password-now1177.com,1
http://bank-verification9171.com,1
http://urgent-action-needed6334.com,1
http://urgent-action-needed9783.com,1
http://urgent-action-needed318.com,1
http://free-gift3715.com,1
http://free-gift16.com,1
http://paypal-security-alert5122.com,1
http://urgent-action-needed1446.com,1
http://lottery-winner9672.com,1
http://claim-prize3914.com,1
http://lottery-winner6723.com,1
http://claim-prize4943.com,1
http://lottery-winner7041.com,1
http://urgent-action-needed1790.com,1
http://secure-login-update6383.com,1
http://reset-password-now9807.com,1
http://free-gift6575.com,1
http://verify-account2244.com,1
http://bank-verification1529.com,1
http://verify-account6853.com,1
http://bank-verification8107.com,1
http://urgent-action-needed4340.com,1
http://bank-verification5262.com,1
http://claim-prize8531.com,1
http://reset-password-now4691.com,1
http://free-gift5759.com,1
http://paypal-security-alert555.com,1
http://reset-password-now2018.com,1
http://claim-prize6809.com,1
http://lottery-winner7631.com,1
http://lottery-winner2674.com,1
http://lottery-winner1027.com,1
http://bank-verification6967.com,1
http://lottery-winner9334.com,1
http://secure-login-update3377.com,1
http://lottery-winner7010.com,1
http://claim-prize6140.com,1
http://bank-verification3092.com,1
http://lottery-winner6006.com,1
http://lottery-winner4908.com,1
http://free-gift7231.com,1
http://update-info-required472.com,1
http://claim-prize3701.com,1
http://paypal-security-alert5970.com,1
http://paypal-security-alert3627.com,1
http://reset-password-now9610.com,1
http://bank-verification190.com,1
http://secure-login-update9055.com,1
http://urgent-action-needed2081.com,1
http://secure-login-update7288.com,1
http://lottery-winner5030.com,1
http://secure-login-update6171.com,1
http://secure-login-update3128.com,1
http://reset-password-now1378.com,1
http://claim-prize4419.com,1
http://verify-account4251.com,1
http://verify-account533.com,1
http://reset-password-now264.com,1
http://claim-prize694.com,1
http://urgent-action-needed207.com,1
http://claim-prize2433.com,1
http://paypal-security-alert565.com,1
http://claim-prize7747.com,1
http://claim-prize8787.com,1
http://free-gift2848.com,1
http://bank-verification6612.com,1
http://bank-verification7704.com,1
http://urgent-action-needed746.com,1
http://claim-prize109.com,1
http://claim-prize1656.com,1
http://verify-account381.com,1
http://secure-login-update9837.com,1
http://claim-prize4753.com,1
http://reset-password-now992.com,1
http://urgent-action-needed4029.com,1
http://claim-prize646.com,1
http://bank-verification7521.com,1
http://update-info-required1530.com,1
http://verify-account6602.com,1
http://bank-verification1868.com,1
http://free-gift860.com,1
http://lottery-winner1705.com,1
http://urgent-action-needed3268.com,1
http://secure-login-update8669.com,1
http://reset-password-now9928.com,1
http://secure-login-update7011.com,1
http://urgent-action-needed6734.com,1
http://urgent-action-needed9406.com,1
http://urgent-action-needed3479.com,1
http://bank-verification8195.com,1
http://secure-login-update4850.com,1
http://claim-prize1493.com,1
http://reset-password-now1980.com,1
http://claim-prize9765.com,1
http://urgent-action-needed4198.com,1
http://lottery-winner2010.com,1
http://reset-password-now7223.com,1
http://verify-account828.com,1
http://reset-password-now3871.com,1
http://free-gift8367.com,1
http://bank-verification4484.com,1
http://bank-verification3831.com,1
http://free-gift2454.com,1
http://claim-prize4294.com,1
http://update-info-required5071.com,1
http://urgent-action-needed3509.com,1
http://verify-account3075.com,1
http://claim-prize3715.com,1
http://bank-verification6171.com,1
http://reset-password-now2454.com,1
http://bank-verification5066.com,1
http://lottery-winner6181.com,1
http://lottery-winner3059.com,1
http://bank-verification5464.com,1
http://bank-verification4715.com,1
http://free-gift9616.com,1
http://bank-verification6114.com,1
http://verify-account2749.com,1
http://bank-verification8219.com,1
http://free-gift2363.com,1
http://secure-login-update8063.com,1
http://update-info-required4458.com,1
http://bank-verification4360.com,1
http://secure-login-update7219.com,1
http://paypal-security-alert2124.com,1
http://secure-login-update8198.com,1
http://update-info-required1775.com,1
http://lottery-winner5182.com,1
http://free-gift5225.com,1
http://update-info-required6998.com,1
http://urgent-action-needed1756.com,1
http://claim-prize5475.com,1
http://urgent-action-needed3344.com,1
http://reset-password-now8095.com,1
http://paypal-security-alert3952.com,1
http://claim-prize292.com,1
http://claim-prize3245.com,1
http://secure-login-update7383.com,1
http://reset-password-now7839.com,1
http://bank-verification6992.com,1
http://reset-password-now7012.com,1
http://verify-account174.com,1
http://bank-verification1638.com,1
http://paypal-security-alert2258.com,1
http://bank-verification475.com,1
http://claim-prize1076.com,1
http://paypal-security-alert5700.com,1
http://update-info-required2866.com,1
http://claim-prize5883.com,1
http://paypal-security-alert8918.com,1
http://paypal-security-alert9694.com,1
http://update-info-required7100.com,1
http://paypal-security-alert5111.com,1
http://secure-login-update182.com,1
http://verify-account5169.com,1
http://lottery-winner9117.com,1
http://bank-verification2934.com,1
http://verify-account3380.com,1
http://reset-password-now8432.com,1
http://verify-account8747.com,1
http://update-info-required3319.com,1
http://reset-password-now153.com,1
http://update-info-required6706.com,1
http://bank-verification6986.com,1
http://reset-password-now9131.com,1
http://free-gift4887.com,1
http://lottery-winner4600.com,1
http://lottery-winner1672.com,1
http://paypal-security-alert1239.com,1
http://lottery-winner8957.com,1
http://verify-account7914.com,1
http://reset-password-now3848.com,1
http://free-gift6151.com,1
http://update-info-required740.com,1
http://urgent-action-needed851.com,1
http://urgent-action-needed4162.com,1
http://urgent-action-needed4491.com,1
http://lottery-winner1791.com,1
http://update-info-required8004.com,1
http://urgent-action-needed6671.com,1
http://update-info-required6049.com,1
http://paypal-security-alert7792.com,1
http://claim-prize176.com,1
http://update-info-required6669.com,1
http://bank-verification6473.com,1
http://urgent-action-needed3501.com,1
http://bank-verification5845.com,1
http://paypal-security-alert9816.com,1
http://update-info-required8403.com,1
http://reset-password-now9626.com,1
http://free-gift73.com,1
http://paypal-security-alert948.com,1
http://claim-prize9549.com,1
http://secure-login-update2094.com,1
http://free-gift8710.com,1
http://verify-account62.com,1
http://free-gift8449.com,1
http://paypal-security-alert3256.com,1
http://reset-password-now6806.com,1
http://paypal-security-alert965.com,1
http://verify-account4612.com,1
http://urgent-action-needed3526.com,1
http://update-info-required3194.com,1
http://claim-prize9154.com,1
http://free-gift811.com,1
http://free-gift2298.com,1
http://urgent-action-needed8084.com,1
http://verify-account1634.com,1
http://reset-password-now2977.com,1
http://reset-password-now6494.com,1
http://reset-password-now8546.com,1
http://claim-prize2699.com,1
http://claim-prize5154.com,1
http://secure-login-update854.com,1
http://secure-login-update1657.com,1
http://verify-account396.com,1
http://claim-prize3379.com,1
http://bank-verification7734.com,1
http://bank-verification9026.com,1
http://lottery-winner3813.com,1
http://lottery-winner3279.com,1
http://lottery-winner6754.com,1
http://free-gift4951.com,1
http://bank-verification3767.com,1
http://urgent-action-needed5036.com,1
http://urgent-action-needed4616.com,1
http://update-info-required583.com,1
http://paypal-security-alert112.com,1
http://update-info-required1332.com,1
http://claim-prize4863.com,1
http://paypal-security-alert5237.com,1
http://update-info-required9834.com,1
http://verify-account2628.com,1
http://lottery-winner6033.com,1
http://claim-prize2554.com,1
http://urgent-action-needed9331.com,1
http://free-gift8781.com,1
http://secure-login-update3361.com,1
http://paypal-security-alert1249.com,1
http://bank-verification4069.com,1
http://lottery-winner4214.com,1
http://reset-password-now1831.com,1
http://reset-password-now6413.com,1
http://secure-login-update1137.com,1
http://bank-verification362.com,1
http://urgent-action-needed3555.com,1
http://secure-login-update5258.com,1
http://lottery-winner5611.com,1
http://reset-password-now9582.com,1
http://update-info-required9578.com,1
http://paypal-security-alert3614.com,1
http://paypal-security-alert3815.com,1
http://lottery-winner9823.com,1
http://urgent-action-needed9732.com,1
http://lottery-winner2881.com,1
http://update-info-required7122.com,1
http://lottery-winner1520.com,1
http://bank-verification9190.com,1
http://verify-account1371.com,1
http://free-gift9122.com,1
http://verify-account3494.com,1
http://paypal-security-alert3528.com,1
http://claim-prize5048.com,1
http://urgent-action-needed6507.com,1
http://bank-verification2879.com,1
http://secure-login-update366.com,1
http://update-info-required2599.com,1
http://reset-password-now3743.com,1
http://paypal-security-alert1920.com,1
http://lottery-winner8360.com,1
http://claim-prize655.com,1
http://update-info-required9049.com,1
http://bank-verification7666.com,1
http://update-info-required9397.com,1
http://update-info-required8238.com,1
http://verify-account3049.com,1
http://paypal-security-alert5538.com,1
http://claim-prize4065.com,1
http://free-gift2094.com,1
http://claim-prize7159.com,1
http://reset-password-now3324.com,1
http://paypal-security-alert7566.com,1
http://paypal-security-alert2775.com,1
http://free-gift1653.com,1
http://reset-password-now550.com,1
http://bank-verification2270.com,1
http://verify-account7024.com,1
http://update-info-required3326.com,1
http://free-gift3964.com,1
http://lottery-winner9381.com,1
http://secure-login-update5800.com,1
http://verify-account3815.com,1
http://urgent-action-needed7566.com,1
http://claim-prize1771.com,1
http://bank-verification1126.com,1
http://free-gift9986.com,1
http://paypal-security-alert5731.com,1
http://claim-prize1074.com,1
http://lottery-winner776.com,1
http://urgent-action-needed568.com,1
http://bank-verification5950.com,1
http://free-gift8945.com,1
http://free-gift2997.com,1
http://reset-password-now4517.com,1
http://secure-login-update4163.com,1
http://secure-login-update1913.com,1
http://bank-verification145.com,1
http://secure-login-update4370.com,1
http://bank-verification7491.com,1
http://claim-prize9645.com,1
http://update-info-required4004.com,1
http://secure-login-update3243.com,1
http://free-gift3887.com,1
http://free-gift1043.com,1
http://secure-login-update6316.com,1
http://reset-password-now861.com,1
http://urgent-action-needed4971.com,1
http://secure-login-update4537.com,1
http://verify-account2242.com,1
http://update-info-required7978.com,1
http://claim-prize4385.com,1
http://bank-verification7711.com,1
http://reset-password-now6613.com,1
http://urgent-action-needed6094.com,1
http://paypal-security-alert2309.com,1
http://bank-verification2817.com,1
http://reset-password-now5992.com,1
http://urgent-action-needed2755.com,1
http://free-gift388.com,1
http://verify-account7022.com,1
http://secure-login-update28.com,1
http://free-gift7750.com,1
http://lottery-winner4567.com,1
http://reset-password-now6700.com,1
http://verify-account5886.com,1
http://bank-verification7669.com,1
http://free-gift8181.com,1
http://urgent-action-needed4406.com,1
http://verify-account3728.com,1
http://claim-prize3066.com,1
http://free-gift3474.com,1
http://urgent-action-needed3428.com,1
http://claim-prize2257.com,1
http://update-info-required9441.com,1
http://reset-password-now2583.com,1
http://paypal-security-alert8793.com,1
http://urgent-action-needed1834.com,1
http://verify-account5152.com,1
http://update-info-required3352.com,1
http://urgent-action-needed2496.com,1
http://bank-verification3110.com,1
http://secure-login-update8617.com,1
http://claim-prize1317.com,1
http://lottery-winner4213.com,1
http://reset-password-now808.com,1
http://lottery-winner3061.com,1
http://secure-login-update2337.com,1
http://free-gift2766.com,1
http://urgent-action-needed4323.com,1
http://free-gift9330.com,1
http://free-gift7742.com,1
http://reset-password-now1363.com,1
http://reset-password-now7973.com,1
http://update-info-required8833.com,1
http://verify-account2573.com,1
http://secure-login-update9987.com,1
http://update-info-required4629.com,1
http://reset-password-now8519.com,1
http://verify-account7669.com,1
http://paypal-security-alert9552.com,1
http://urgent-action-needed5010.com,1
http://secure-login-update583.com,1
http://free-gift8101.com,1
http://update-info-required7528.com,1
http://lottery-winner9989.com,1
http://urgent-action-needed4698.com,1
http://secure-login-update7830.com,1
http://paypal-security-alert8718.com,1
http://verify-account5702.com,1
http://urgent-action-needed6859.com,1
http://claim-prize5223.com,1
http://bank-verification9177.com,1
http://free-gift8411.com,1
http://verify-account6562.com,1
http://secure-login-update1887.com,1
http://urgent-action-needed1081.com,1
http://paypal-security-alert1661.com,1
http://update-info-required6696.com,1
http://claim-prize5316.com,1
http://update-info-required4136.com,1
http://paypal-security-alert1048.com,1
http://update-info-required8811.com,1
http://lottery-winner9024.com,1
http://verify-account4836.com,1
http://paypal-security-alert7785.com,1
http://verify-account1435.com,1
http://verify-account9382.com,1
http://update-info-required7819.com,1
http://secure-login-update1143.com,1
http://bank-verification6382.com,1
http://bank-verification6967.com,1
http://update-info-required8266.com,1
http://lottery-winner5398.com,1
http://verify-account8172.com,1
http://urgent-action-needed8152.com,1
http://reset-password-now2631.com,1
http://lottery-winner2626.com,1
http://verify-account9877.com,1
http://verify-account9427.com,1
http://reset-password-now8423.com,1
http://urgent-action-needed5223.com,1
http://secure-login-update4567.com,1
http://update-info-required7085.com,1
http://claim-prize1193.com,1
http://urgent-action-needed653.com,1
http://bank-verification6682.com,1
http://update-info-required3068.com,1
http://paypal-security-alert5883.com,1
http://verify-account3142.com,1
http://free-gift4004.com,1
http://claim-prize6827.com,1
http://verify-account8950.com,1
http://lottery-winner4157.com,1
http://free-gift1877.com,1
http://free-gift1777.com,1
http://secure-login-update7703.com,1
http://bank-verification7745.com,1
http://secure-login-update194.com,1
http://verify-account6374.com,1
http://paypal-security-alert9644.com,1
http://claim-prize4554.com,1
http://lottery-winner8488.com,1
http://urgent-action-needed3270.com,1
http://bank-verification7562.com,1
http://paypal-security-alert3783.com,1
http://verify-account1659.com,1
http://verify-account8616.com,1
http://lottery-winner5997.com,1
http://verify-account8595.com,1
http://lottery-winner1249.com,1
http://verify-account9847.com,1
http://lottery-winner5771.com,1
http://secure-login-update9125.com,1
http://urgent-action-needed8041.com,1
http://free-gift7498.com,1
http://claim-prize768.com,1
http://bank-verification4484.com,1
http://lottery-winner9357.com,1
http://claim-prize5761.com,1
http://update-info-required1846.com,1
http://secure-login-update2301.com,1
http://secure-login-update4145.com,1
http://claim-prize7608.com,1
http://verify-account2684.com,1
http://free-gift1165.com,1
http://urgent-action-needed1151.com,1
http://verify-account5185.com,1
http://free-gift9812.com,1
http://bank-verification2477.com,1
http://urgent-action-needed6619.com,1
http://urgent-action-needed5581.com,1
http://claim-prize591.com,1
http://update-info-required4902.com,1
http://reset-password-now1917.com,1
http://update-info-required7775.com,1
http://free-gift3125.com,1
http://secure-login-update4852.com,1
http://reset-password-now8738.com,1
http://verify-account2464.com,1
http://free-gift1024.com,1
http://verify-account8161.com,1
http://reset-password-now6205.com,1
http://claim-prize4127.com,1
http://update-info-required1094.com,1
http://claim-prize6931.com,1
http://update-info-required2073.com,1
http://free-gift5925.com,1
http://claim-prize8147.com,1
http://secure-login-update2109.com,1
http://claim-prize1365.com,1
http://reset-password-now9316.com,1
http://paypal-security-alert634.com,1
http://claim-prize5560.com,1
http://urgent-action-needed9044.com,1
http://urgent-action-needed7699.com,1
http://bank-verification7807.com,1
http://paypal-security-alert719.com,1
http://lottery-winner1533.com,1
http://claim-prize2875.com,1
http://free-gift3361.com,1
http://update-info-required1330.com,1
http://update-info-required4184.com,1
http://reset-password-now3780.com,1
http://free-gift5088.com,1
http://paypal-security-alert1921.com,1
http://bank-verification7456.com,1
http://urgent-action-needed9139.com,1
http://bank-verification3053.com,1
http://update-info-required9764.com,1
http://urgent-action-needed6792.com,1
http://claim-prize9506.com,1
http://verify-account4097.com,1
http://bank-verification7250.com,1
http://free-gift8120.com,1
http://lottery-winner3126.com,1
http://urgent-action-needed7314.com,1
http://claim-prize6059.com,1
http://paypal-security-alert7850.com,1
http://bank-verification6694.com,1
http://urgent-action-needed7963.com,1
http://bank-verification3658.com,1
http://urgent-action-needed2243.com,1
http://free-gift7674.com,1
http://update-info-required7002.com,1
http://paypal-security-alert2254.com,1
http://bank-verification7749.com,1
http://update-info-required1247.com,1
http://claim-prize8789.com,1
http://free-gift5817.com,1
http://lottery-winner6868.com,1
http://secure-login-update5594.com,1
http://free-gift3287.com,1
http://urgent-action-needed6994.com,1
http://reset-password-now9320.com,1
http://free-gift5934.com,1
http://urgent-action-needed1191.com,1
http://claim-prize2514.com,1
http://urgent-action-needed1458.com,1
http://claim-prize3114.com,1
http://reset-password-now3402.com,1
http://secure-login-update4903.com,1
http://free-gift909.com,1
http://bank-verification1602.com,1
http://secure-login-update3247.com,1
http://verify-account1911.com,1
http://free-gift4321.com,1
http://lottery-winner2147.com,1
http://lottery-winner6278.com,1
http://urgent-action-needed9352.com,1
http://secure-login-update1198.com,1
http://update-info-required479.com,1
http://claim-prize5256.com,1
http://urgent-action-needed4344.com,1
http://verify-account5503.com,1
http://update-info-required2535.com,1
http://verify-account6091.com,1
http://free-gift7424.com,1
http://update-info-required4033.com,1
http://update-info-required6052.com,1
http://verify-account9057.com,1
http://paypal-security-alert5028.com,1
http://bank-verification2159.com,1
http://paypal-security-alert4972.com,1
http://verify-account6107.com,1
http://free-gift4570.com,1
http://verify-account7422.com,1
http://verify-account7310.com,1
http://lottery-winner1021.com,1
http://paypal-security-alert2648.com,1
http://secure-login-update3543.com,1
http://lottery-winner2750.com,1
http://urgent-action-needed9817.com,1
http://secure-login-update2880.com,1
http://verify-account1112.com,1
http://reset-password-now657.com,1
http://reset-password-now2453.com,1
http://paypal-security-alert8557.com,1
http://update-info-required1933.com,1
http://urgent-action-needed1989.com,1
http://lottery-winner831.com,1
http://reset-password-now9074.com,1
http://claim-prize6213.com,1
http://reset-password-now9468.com,1
http://paypal-security-alert1808.com,1
http://secure-login-update8361.com,1
http://free-gift7480.com,1
http://free-gift5662.com,1
http://paypal-security-alert8923.com,1
http://secure-login-update7550.com,1
http://free-gift9610.com,1
http://bank-verification6418.com,1
http://lottery-winner3662.com,1
http://paypal-security-alert9740.com,1
http://reset-password-now3690.com,1
http://verify-account8051.com,1
http://claim-prize3876.com,1
http://urgent-action-needed7297.com,1
http://verify-account2999.com,1
http://urgent-action-needed7520.com,1
http://bank-verification3786.com,1
http://update-info-required7413.com,1
http://claim-prize7623.com,1
http://reset-password-now3656.com,1
http://free-gift5726.com,1
http://bank-verification1889.com,1
http://free-gift4460.com,1
http://verify-account4745.com,1
http://bank-verification1997.com,1
http://lottery-winner5432.com,1
http://reset-password-now4219.com,1
http://verify-account1129.com,1
http://secure-login-update439.com,1
http://urgent-action-needed6447.com,1
http://free-gift5579.com,1
http://claim-prize291.com,1
http://free-gift5173.com,1
http://bank-verification1777.com,1
http://update-info-required7497.com,1
http://reset-password-now5863.com,1
http://secure-login-update9341.com,1
http://lottery-winner6681.com,1
http://update-info-required8872.com,1
http://secure-login-update4845.com,1
http://secure-login-update5498.com,1
http://bank-verification7975.com,1
http://secure-login-update1973.com,1
http://urgent-action-needed1090.com,1
http://claim-prize8735.com,1
http://lottery-winner4637.com,1
http://lottery-winner8549.com,1
http://update-info-required4027.com,1
http://lottery-winner257.com,1
http://secure-login-update3001.com,1
http://paypal-security-alert1844.com,1
http://update-info-required5225.com,1
http://reset-password-now8034.com,1
http://urgent-action-needed92.com,1
http://urgent-action-needed4518.com,1
http://lottery-winner8550.com,1
http://paypal-security-alert7002.com,1
http://reset-password-now4883.com,1
http://reset-password-now2486.com,1
http://lottery-winner5604.com,1
http://update-info-required2720.com,1
http://free-gift6544.com,1
http://paypal-security-alert6541.com,1
http://free-gift5175.com,1
http://urgent-action-needed9266.com,1
http://secure-login-update9252.com,1
http://update-info-required7520.com,1
http://claim-prize2977.com,1
http://bank-verification4310.com,1
http://paypal-security-alert7360.com,1
http://free-gift2931.com,1
http://update-info-required1367.com,1
http://free-gift2832.com,1
http://secure-login-update4165.com,1
http://free-gift5281.com,1
http://update-info-required1430.com,1
http://free-gift2001.com,1
http://lottery-winner2863.com,1
http://paypal-security-alert2512.com,1
http://urgent-action-needed5759.com,1
http://bank-verification3209.com,1
http://paypal-security-alert2976.com,1
http://claim-prize8379.com,1
http://update-info-required8160.com,1
http://free-gift1399.com,1
http://verify-account7106.com,1
http://bank-verification3437.com,1
http://claim-prize700.com,1
http://free-gift1693.com,1
http://lottery-winner8603.com,1
http://claim-prize6275.com,1
http://claim-prize315.com,1
http://update-info-required5637.com,1
http://lottery-winner9628.com,1
http://claim-prize5902.com,1
http://claim-prize3770.com,1
http://reset-password-now2971.com,1
http://verify-account904.com,1
http://verify-account583.com,1
http://reset-password-now6395.com,1
http://lottery-winner1822.com,1
http://free-gift6149.com,1
http://secure-login-update3916.com,1
http://urgent-action-needed440.com,1
http://bank-verification4599.com,1
http://free-gift2147.com,1
http://free-gift7397.com,1
http://lottery-winner5398.com,1
http://claim-prize3763.com,1
http://lottery-winner8003.com,1
http://reset-password-now4393.com,1
http://secure-login-update7790.com,1
http://verify-account660.com,1
http://urgent-action-needed1561.com,1
http://reset-password-now2597.com,1
http://reset-password-now2795.com,1
http://urgent-action-needed4063.com,1
http://paypal-security-alert3427.com,1
http://claim-prize5758.com,1
http://paypal-security-alert8829.com,1
http://bank-verification4045.com,1
http://bank-verification6458.com,1
http://lottery-winner6786.com,1
http://claim-prize4397.com,1
http://lottery-winner7467.com,1
http://reset-password-now8182.com,1
http://lottery-winner6754.com,1
http://secure-login-update4792.com,1
http://update-info-required9446.com,1
http://paypal-security-alert8999.com,1
http://claim-prize3585.com,1
http://urgent-action-needed4477.com,1
http://urgent-action-needed7605.com,1
http://verify-account4785.com,1
http://secure-login-update3769.com,1
http://bank-verification8128.com,1
http://claim-prize6348.com,1
http://update-info-required3529.com,1
http://bank-verification5267.com,1
http://reset-password-now1403.com,1
http://lottery-winner6829.com,1
http://urgent-action-needed2707.com,1
http://reset-password-now4565.com,1
http://bank-verification3020.com,1
http://free-gift4150.com,1
http://verify-account7142.com,1
http://free-gift5577.com,1
http://paypal-security-alert9856.com,1
http://bank-verification2928.com,1
http://claim-prize5877.com,1
http://bank-verification4550.com,1
http://secure-login-update8375.com,1
http://secure-login-update7570.com,1
http://lottery-winner4608.com,1
http://claim-prize5111.com,1
http://claim-prize2424.com,1
http://verify-account2926.com,1
http://lottery-winner3578.com,1
http://verify-account2463.com,1
http://claim-prize6004.com,1
http://lottery-winner2924.com,1
http://secure-login-update4846.com,1
http://bank-verification2870.com,1
http://urgent-action-needed1200.com,1
http://verify-account7459.com,1
http://verify-account6834.com,1
http://free-gift150.com,1
http://lottery-winner6971.com,1
http://update-info-required7734.com,1
http://lottery-winner1388.com,1
http://free-gift9196.com,1
http://verify-account5973.com,1
http://claim-prize3778.com,1
http://bank-verification9930.com,1
http://lottery-winner4629.com,1
http://secure-login-update3927.com,1
http://reset-password-now2224.com,1
http://bank-verification1043.com,1
http://secure-login-update7307.com,1
http://lottery-winner584.com,1
http://secure-login-update3074.com,1
http://reset-password-now9682.com,1
http://claim-prize1015.com,1
http://bank-verification4038.com,1
http://claim-prize570.com,1
http://lottery-winner3536.com,1
http://secure-login-update5203.com,1
http://claim-prize2419.com,1
http://lottery-winner4968.com,1
http://secure-login-update672.com,1
http://lottery-winner5938.com,1
http://verify-account8822.com,1
http://secure-login-update3522.com,1
http://secure-login-update7052.com,1
http://urgent-action-needed5904.com,1
http://verify-account1508.com,1
http://update-info-required3441.com,1
http://verify-account7727.com,1
http://secure-login-update6968.com,1
http://lottery-winner1756.com,1
http://urgent-action-needed8058.com,1
http://paypal-security-alert8006.com,1
http://claim-prize2894.com,1
http://free-gift7147.com,1
http://lottery-winner9046.com,1
http://reset-password-now4214.com,1
http://urgent-action-needed9226.com,1
http://reset-password-now2031.com,1
http://bank-verification8231.com,1
http://urgent-action-needed3696.com,1
http://reset-password-now8868.com,1
http://urgent-action-needed3159.com,1
http://paypal-security-alert2795.com,1
http://claim-prize8345.com,1
http://lottery-winner589.com,1
http://free-gift7168.com,1
http://urgent-action-needed8694.com,1
http://reset-password-now5506.com,1
http://secure-login-update5488.com,1
http://secure-login-update4225.com,1
http://urgent-action-needed7672.com,1
http://free-gift8040.com,1
http://lottery-winner8962.com,1
http://secure-login-update7394.com,1
http://free-gift5629.com,1
http://reset-password-now3215.com,1
http://paypal-security-alert8604.com,1
http://paypal-security-alert9428.com,1
http://update-info-required3355.com,1
http://paypal-security-alert7575.com,1
http://lottery-winner9245.com,1
http://verify-account6177.com,1
http://update-info-required4868.com,1
http://secure-login-update9010.com,1
http://lottery-winner4727.com,1
http://bank-verification8478.com,1
http://lottery-winner9674.com,1
http://verify-account4490.com,1
http://lottery-winner2566.com,1
http://urgent-action-needed8759.com,1
http://free-gift7949.com,1
http://free-gift5065.com,1
http://secure-login-update4023.com,1
http://claim-prize8648.com,1
http://verify-account193.com,1
http://free-gift9400.com,1
http://secure-login-update2266.com,1
http://lottery-winner3868.com,1
http://update-info-required3047.com,1
http://urgent-action-needed5028.com,1
http://free-gift7615.com,1
http://paypal-security-alert2262.com,1
http://bank-verification9214.com,1
http://update-info-required1983.com,1
http://verify-account1468.com,1
http://verify-account4628.com,1
http://bank-verification358.com,1
http://update-info-required7833.com,1
http://secure-login-update6989.com,1
http://verify-account514.com,1
http://urgent-action-needed3632.com,1
http://paypal-security-alert2273.com,1
http://lottery-winner392.com,1
http://bank-verification1104.com,1
http://free-gift2960.com,1
http://reset-password-now8588.com,1
http://paypal-security-alert8255.com,1
http://lottery-winner9667.com,1
http://paypal-security-alert9844.com,1
http://reset-password-now5424.com,1
http://lottery-winner8334.com,1
http://verify-account7406.com,1
http://reset-password-now5207.com,1
http://free-gift2367.com,1
http://claim-prize4466.com,1
http://claim-prize1723.com,1
http://claim-prize2356.com,1
http://bank-verification9457.com,1
http://verify-account5424.com,1
http://secure-login-update5559.com,1
http://urgent-action-needed4364.com,1
http://update-info-required529.com,1
http://bank-verification4575.com,1
http://claim-prize9937.com,1
http://reset-password-now9639.com,1
http://lottery-winner7945.com,1
http://claim-prize9265.com,1
http://bank-verification5681.com,1
http://free-gift5762.com,1
http://bank-verification8287.com,1
http://lottery-winner562.com,1
http://claim-prize9489.com,1
http://bank-verification9590.com,1
http://bank-verification7895.com,1
http://reset-password-now197.com,1
http://verify-account5165.com,1
http://update-info-required6750.com,1
http://urgent-action-needed2177.com,1
http://paypal-security-alert662.com,1
http://secure-login-update6391.com,1
http://bank-verification2789.com,1
http://update-info-required1793.com,1
http://free-gift4333.com,1
http://secure-login-update6870.com,1
http://secure-login-update2403.com,1
http://free-gift6805.com,1
http://free-gift6898.com,1
http://bank-verification7282.com,1
http://reset-password-now5505.com,1
http://update-info-required8918.com,1
http://verify-account9467.com,1
http://secure-login-update6104.com,1
http://reset-password-now4083.com,1
http://claim-prize4027.com,1
http://free-gift1941.com,1
http://free-gift5461.com,1
http://claim-prize6630.com,1
http://urgent-action-needed2883.com,1
http://paypal-security-alert5904.com,1
http://update-info-required3486.com,1
http://reset-password-now8090.com,1
http://update-info-required9575.com,1
http://claim-prize3623.com,1
http://secure-login-update8488.com,1
http://reset-password-now3079.com,1
http://urgent-action-needed3607.com,1
http://verify-account9885.com,1
http://claim-prize7570.com,1
http://bank-verification9169.com,1
http://secure-login-update5539.com,1
http://lottery-winner935.com,1
http://update-info-required6302.com,1
http://update-info-required7408.com,1
http://free-gift1443.com,1
http://verify-account3103.com,1
http://bank-verification327.com,1
http://verify-account6335.com,1
http://free-gift3218.com,1
http://urgent-action-needed7986.com,1
http://urgent-action-needed7120.com,1
http://lottery-winner6470.com,1
http://paypal-security-alert5888.com,1
http://lottery-winner328.com,1
http://paypal-security-alert2373.com,1
http://verify-account7076.com,1
http://reset-password-now2117.com,1
http://lottery-winner9845.com,1
http://claim-prize4460.com,1
http://lottery-winner620.com,1
http://bank-verification5667.com,1
http://secure-login-update9401.com,1
http://lottery-winner7142.com,1
http://reset-password-now8084.com,1
http://claim-prize4835.com,1
http://claim-prize5445.com,1
http://urgent-action-needed3799.com,1
http://update-info-required3815.com,1
http://reset-password-now6026.com,1
http://free-gift2017.com,1
http://claim-prize6479.com,1
http://update-info-required5078.com,1
http://reset-password-now4529.com,1
http://secure-login-update2613.com,1
http://secure-login-update8756.com,1
http://secure-login-update4507.com,1
http://claim-prize1896.com,1
http://claim-prize1122.com,1
http://claim-prize3396.com,1
http://paypal-security-alert6447.com,1
http://free-gift5141.com,1
http://urgent-action-needed5513.com,1
http://verify-account6964.com,1
http://reset-password-now768.com,1
http://free-gift7136.com,1
http://claim-prize811.com,1
http://claim-prize3407.com,1
http://verify-account1035.com,1
http://claim-prize2818.com,1
http://free-gift4697.com,1
http://urgent-action-needed1183.com,1
http://claim-prize3023.com,1
http://urgent-action-needed9788.com,1
http://update-info-required4456.com,1
http://paypal-security-alert1438.com,1
http://claim-prize5660.com,1
http://claim-prize7918.com,1
http://verify-account4847.com,1
http://update-info-required7612.com,1
http://lottery-winner1819.com,1
http://urgent-action-needed1046.com,1
http://paypal-security-alert8244.com,1
http://free-gift2793.com,1
http://secure-login-update1676.com,1
http://update-info-required9628.com,1
http://free-gift7729.com,1
http://claim-prize8591.com,1
http://paypal-security-alert9179.com,1
http://paypal-security-alert1886.com,1
http://free-gift2599.com,1
http://update-info-required8740.com,1
http://claim-prize3704.com,1
http://paypal-security-alert3525.com,1
http://free-gift508.com,1
http://urgent-action-needed9748.com,1
http://lottery-winner2731.com,1
http://lottery-winner8702.com,1
http://urgent-action-needed9175.com,1
http://bank-verification4048.com,1
http://claim-prize2840.com,1
http://lottery-winner8184.com,1
http://bank-verification9075.com,1
http://free-gift8463.com,1
http://update-info-required1800.com,1
http://update-info-required6694.com,1
http://secure-login-update7889.com,1
http://lottery-winner6413.com,1
http://urgent-action-needed9876.com,1
http://paypal-security-alert8314.com,1
http://update-info-required9381.com,1
http://free-gift8550.com,1
http://free-gift7156.com,1
http://claim-prize6737.com,1
http://lottery-winner1876.com,1
http://paypal-security-alert5951.com,1
http://lottery-winner7433.com,1
http://update-info-required2874.com,1
http://claim-prize4621.com,1
http://reset-password-now2828.com,1
http://verify-account5963.com,1
http://lottery-winner5365.com,1
http://secure-login-update9502.com,1
http://claim-prize7610.com,1
http://free-gift8453.com,1
http://update-info-required6950.com,1
http://bank-verification417.com,1
http://bank-verification7333.com,1
http://bank-verification4437.com,1
http://bank-verification6797.com,1
http://verify-account3838.com,1
http://lottery-winner9586.com,1
http://urgent-action-needed9629.com,1
http://update-info-required6035.com,1
http://bank-verification1341.com,1
http://bank-verification3428.com,1
http://bank-verification7485.com,1
http://lottery-winner3333.com,1
http://verify-account1063.com,1
http://free-gift2765.com,1
http://update-info-required6251.com,1
http://update-info-required3579.com,1
http://paypal-security-alert1534.com,1
http://paypal-security-alert418.com,1
http://reset-password-now4371.com,1
http://claim-prize455.com,1
http://reset-password-now6376.com,1
http://reset-password-now4129.com,1
http://urgent-action-needed2968.com,1
http://claim-prize3263.com,1
http://urgent-action-needed2980.com,1
http://urgent-action-needed7077.com,1
http://verify-account1470.com,1
http://claim-prize4530.com,1
http://urgent-action-needed3151.com,1
http://verify-account8307.com,1
http://secure-login-update6877.com,1
http://paypal-security-alert2116.com,1
http://update-info-required9110.com,1
http://claim-prize353.com,1
http://bank-verification1791.com,1
http://claim-prize5138.com,1
http://urgent-action-needed2651.com,1
http://claim-prize2152.com,1
http://reset-password-now2635.com,1
http://update-info-required2349.com,1
http://claim-prize9334.com,1
http://free-gift7569.com,1
http://lottery-winner8667.com,1
http://free-gift4728.com,1
http://bank-verification4582.com,1
http://lottery-winner8498.com,1
http://bank-verification3402.com,1
http://urgent-action-needed2405.com,1
http://bank-verification9383.com,1
http://claim-prize1779.com,1
http://verify-account7998.com,1
http://lottery-winner205.com,1
http://lottery-winner5421.com,1
http://update-info-required9818.com,1
http://claim-prize9833.com,1
http://urgent-action-needed5643.com,1
http://urgent-action-needed2642.com,1
http://paypal-security-alert6204.com,1
http://secure-login-update4774.com,1
http://urgent-action-needed8998.com,1
http://reset-password-now9089.com,1
http://paypal-security-alert6946.com,1
http://reset-password-now7849.com,1
http://claim-prize7629.com,1
http://verify-account1843.com,1
http://reset-password-now6424.com,1
http://urgent-action-needed8916.com,1
http://secure-login-update218.com,1
http://lottery-winner4902.com,1
http://verify-account6349.com,1
http://reset-password-now6701.com,1
http://claim-prize6307.com,1
http://urgent-action-needed8827.com,1
http://free-gift5745.com,1
http://reset-password-now5641.com,1
http://paypal-security-alert9858.com,1
http://urgent-action-needed8439.com,1
http://secure-login-update3352.com,1
http://lottery-winner2465.com,1
http://urgent-action-needed6881.com,1
http://update-info-required6228.com,1
http://paypal-security-alert4267.com,1
http://claim-prize7591.com,1
http://claim-prize2942.com,1
http://verify-account6481.com,1
http://reset-password-now4596.com,1
http://update-info-required5557.com,1
http://lottery-winner8713.com,1
http://bank-verification181.com,1
http://claim-prize9844.com,1
http://reset-password-now5670.com,1
http://secure-login-update8984.com,1
http://claim-prize7929.com,1
http://bank-verification3890.com,1
http://free-gift1083.com,1
http://secure-login-update6342.com,1
http://urgent-action-needed2157.com,1
http://lottery-winner5292.com,1
http://free-gift9623.com,1
http://update-info-required4875.com,1
http://urgent-action-needed5456.com,1
http://paypal-security-alert5479.com,1
http://free-gift9639.com,1
http://reset-password-now8269.com,1
http://urgent-action-needed8012.com,1
http://lottery-winner4210.com,1
http://claim-prize38.com,1
http://lottery-winner5526.com,1
http://verify-account2483.com,1
http://free-gift2536.com,1
http://bank-verification5661.com,1
http://verify-account5775.com,1
http://paypal-security-alert764.com,1
http://secure-login-update1910.com,1
http://update-info-required9283.com,1
http://bank-verification5476.com,1
http://free-gift4603.com,1
http://secure-login-update6981.com,1
http://secure-login-update5619.com,1
http://update-info-required6982.com,1
http://paypal-security-alert4434.com,1
http://bank-verification2247.com,1
http://free-gift2353.com,1
http://secure-login-update9143.com,1
http://update-info-required9014.com,1
http://reset-password-now4861.com,1
http://lottery-winner7359.com,1
http://update-info-required1746.com,1
http://bank-verification966.com,1
http://lottery-winner2389.com,1
http://bank-verification8850.com,1
http://paypal-security-alert3352.com,1
http://free-gift207.com,1
http://urgent-action-needed7132.com,1
http://reset-password-now7455.com,1
http://verify-account3652.com,1
http://update-info-required4696.com,1
http://lottery-winner2670.com,1
http://claim-prize903.com,1
http://free-gift3447.com,1
http://secure-login-update5983.com,1
http://verify-account4910.com,1
http://reset-password-now8160.com,1
http://bank-verification313.com,1
http://lottery-winner9586.com,1
http://secure-login-update8088.com,1
http://verify-account7269.com,1
http://claim-prize3062.com,1
http://update-info-required3414.com,1
http://urgent-action-needed4484.com,1
http://free-gift6215.com,1
http://secure-login-update683.com,1
http://verify-account8723.com,1
http://free-gift1020.com,1
http://bank-verification2034.com,1
http://lottery-winner3286.com,1
http://urgent-action-needed3518.com,1
http://secure-login-update6540.com,1
http://verify-account6133.com,1
http://paypal-security-alert9782.com,1
http://free-gift8658.com,1
http://verify-account7500.com,1
http://claim-prize2993.com,1
http://update-info-required3652.com,1
http://urgent-action-needed3112.com,1
http://urgent-action-needed8325.com,1
http://bank-verification2384.com,1
http://verify-account7224.com,1
http://update-info-required245.com,1
http://verify-account9113.com,1
http://urgent-action-needed3213.com,1
http://bank-verification7373.com,1
http://update-info-required5594.com,1
http://bank-verification814.com,1
http://verify-account1652.com,1
http://claim-prize3139.com,1
http://urgent-action-needed3572.com,1
http://secure-login-update6794.com,1
http://secure-login-update2028.com,1
http://paypal-security-alert5267.com,1
http://paypal-security-alert1921.com,1
http://free-gift1883.com,1
http://bank-verification4820.com,1
http://free-gift3872.com,1
http://lottery-winner9440.com,1
http://paypal-security-alert7430.com,1
http://update-info-required4658.com,1
http://claim-prize7936.com,1
http://claim-prize8668.com,1
http://free-gift250.com,1
http://reset-password-now4778.com,1
http://paypal-security-alert8932.com,1
http://urgent-action-needed1261.com,1
http://verify-account8604.com,1
http://reset-password-now1799.com,1
http://bank-verification1453.com,1
http://free-gift9887.com,1
http://reset-password-now9972.com,1
http://secure-login-update5705.com,1
http://secure-login-update4505.com,1
http://lottery-winner9296.com,1
http://urgent-action-needed3622.com,1
http://secure-login-update3862.com,1
http://verify-account7264.com,1
http://urgent-action-needed9241.com,1
http://bank-verification5174.com,1
http://free-gift9524.com,1
http://verify-account7129.com,1
http://bank-verification343.com,1
http://update-info-required4947.com,1
http://paypal-security-alert126.com,1
http://bank-verification7866.com,1
http://urgent-action-needed2177.com,1
http://claim-prize6829.com,1
http://claim-prize6963.com,1
http://urgent-action-needed2502.com,1
http://urgent-action-needed9056.com,1
http://secure-login-update7609.com,1
http://reset-password-now3300.com,1
http://bank-verification5659.com,1
http://update-info-required1000.com,1
http://reset-password-now25.com,1
http://free-gift1630.com,1
http://paypal-security-alert5380.com,1
http://verify-account3983.com,1
http://lottery-winner2260.com,1
http://claim-prize2877.com,1
http://lottery-winner1701.com,1
http://bank-verification3898.com,1
http://secure-login-update3642.com,1
http://verify-account9707.com,1
http://update-info-required6910.com,1
http://bank-verification8674.com,1
http://reset-password-now6558.com,1
http://reset-password-now3408.com,1
http://bank-verification1656.com,1
http://update-info-required9422.com,1
http://paypal-security-alert9413.com,1
http://secure-login-update5018.com,1
http://urgent-action-needed8608.com,1
http://paypal-security-alert1126.com,1
http://bank-verification780.com,1
http://secure-login-update8590.com,1
http://claim-prize220.com,1
http://bank-verification8184.com,1
http://bank-verification8823.com,1
http://free-gift1726.com,1
http://bank-verification932.com,1
http://paypal-security-alert487.com,1
http://lottery-winner7472.com,1
http://free-gift7424.com,1
http://bank-verification2043.com,1
http://verify-account7414.com,1
http://verify-account8446.com,1
http://lottery-winner9926.com,1
http://free-gift1590.com,1
http://claim-prize7167.com,1
http://urgent-action-needed5536.com,1
http://update-info-required493.com,1
http://lottery-winner4660.com,1
http://claim-prize7537.com,1
http://lottery-winner1029.com,1
http://reset-password-now4067.com,1
http://free-gift8712.com,1
http://reset-password-now598.com,1
http://lottery-winner5444.com,1
http://update-info-required4572.com,1
http://verify-account1780.com,1
http://reset-password-now4189.com,1
http://paypal-security-alert8841.com,1
http://claim-prize8865.com,1
http://verify-account7923.com,1
http://reset-password-now5086.com,1
http://secure-login-update1517.com,1
http://free-gift9859.com,1
http://secure-login-update2261.com,1
http://urgent-action-needed1833.com,1
http://lottery-winner3822.com,1
http://lottery-winner8589.com,1
http://claim-prize1319.com,1
http://secure-login-update5020.com,1
http://lottery-winner7399.com,1
http://free-gift9142.com,1
http://bank-verification4732.com,1
http://free-gift515.com,1
http://secure-login-update6314.com,1
http://free-gift3641.com,1
http://bank-verification7488.com,1
http://secure-login-update8121.com,1
http://reset-password-now9173.com,1
http://claim-prize8865.com,1
http://free-gift8527.com,1
http://free-gift4648.com,1
http://secure-login-update2016.com,1
http://lottery-winner3006.com,1
http://bank-verification2043.com,1
http://free-gift681.com,1
http://claim-prize3862.com,1
http://free-gift2100.com,1
http://bank-verification6649.com,1
http://paypal-security-alert6392.com,1
http://free-gift8546.com,1
http://free-gift7013.com,1
http://reset-password-now1655.com,1
http://bank-verification8841.com,1
http://urgent-action-needed2166.com,1
http://urgent-action-needed1866.com,1
http://urgent-action-needed9217.com,1
http://claim-prize1367.com,1
http://lottery-winner3540.com,1
http://secure-login-update9734.com,1
http://bank-verification1298.com,1
http://update-info-required2684.com,1
http://urgent-action-needed2247.com,1
http://verify-account1214.com,1
http://verify-account4779.com,1
http://claim-prize3531.com,1
http://verify-account4559.com,1
http://update-info-required4324.com,1
http://reset-password-now2811.com,1
http://paypal-security-alert684.com,1
http://secure-login-update6172.com,1
http://claim-prize4557.com,1
http://paypal-security-alert3404.com,1
http://paypal-security-alert5101.com,1
http://claim-prize5065.com,1
http://claim-prize6691.com,1
http://verify-account8462.com,1
http://claim-prize8029.com,1
http://update-info-required1933.com,1
http://lottery-winner1559.com,1
http://free-gift3889.com,1
http://update-info-required1397.com,1
http://paypal-security-alert6135.com,1
http://verify-account376.com,1
http://urgent-action-needed7510.com,1
http://reset-password-now949.com,1
http://urgent-action-needed3069.com,1
http://claim-prize7076.com,1
http://free-gift9992.com,1
http://lottery-winner2868.com,1
http://verify-account8111.com,1
http://reset-password-now8198.com,1
http://update-info-required4396.com,1
http://reset-password-now1120.com,1
http://update-info-required3765.com,1
http://update-info-required3015.com,1
http://reset-password-now7727.com,1
http://claim-prize1401.com,1
http://reset-password-now5659.com,1
http://bank-verification2096.com,1
http://reset-password-now5898.com,1
http://secure-login-update277.com,1
http://urgent-action-needed6113.com,1
http://update-info-required9666.com,1
http://secure-login-update5931.com,1
http://urgent-action-needed5550.com,1
http://urgent-action-needed8043.com,1
http://secure-login-update8908.com,1
http://secure-login-update9497.com,1
http://secure-login-update1555.com,1
http://reset-password-now8016.com,1
http://reset-password-now2537.com,1
http://reset-password-now2414.com,1
http://paypal-security-alert8246.com,1
http://free-gift8165.com,1
http://claim-prize3035.com,1
http://claim-prize4064.com,1
http://secure-login-update496.com,1
http://claim-prize1709.com,1
http://bank-verification433.com,1
http://free-gift6645.com,1
http://urgent-action-needed5099.com,1
http://bank-verification1206.com,1
http://reset-password-now1163.com,1
http://update-info-required3888.com,1
http://claim-prize7335.com,1
http://secure-login-update1291.com,1
http://paypal-security-alert5113.com,1
http://verify-account8641.com,1
http://claim-prize4150.com,1
http://urgent-action-needed7533.com,1
http://paypal-security-alert4155.com,1
http://paypal-security-alert5655.com,1
http://secure-login-update1142.com,1
http://claim-prize9026.com,1
http://claim-prize4210.com,1
http://reset-password-now6731.com,1
http://free-gift2706.com,1
http://bank-verification536.com,1
http://paypal-security-alert9337.com,1
http://update-info-required9237.com,1
http://update-info-required6624.com,1
http://reset-password-now654.com,1
http://update-info-required893.com,1
http://urgent-action-needed6557.com,1
http://claim-prize3216.com,1
http://reset-password-now5295.com,1
http://urgent-action-needed6186.com,1
http://bank-verification6933.com,1
http://paypal-security-alert2337.com,1
http://bank-verification652.com,1
http://free-gift8061.com,1
http://reset-password-now7779.com,1
http://lottery-winner3534.com,1
http://urgent-action-needed3430.com,1
http://update-info-required8249.com,1
http://verify-account4294.com,1
http://reset-password-now7390.com,1
http://lottery-winner5043.com,1
http://bank-verification856.com,1
http://reset-password-now1147.com,1
http://secure-login-update7780.com,1
http://bank-verification4774.com,1
